Profile Name,Title Name,Rating Type,Star Value,Thumbs Value,Device Model,Event Utc Ts,Region View Date
Alexander,Monty Python and the Holy Grail,thumb,,1,Smart TV,2023-08-14 02:37:39,
Alexander,The Office (U.S.),thumb,,0,Xbox_One_S,2020-01-03 07:32:25,
Alexander,Jo Koy: Live from Seattle,star,4,2,Xbox_One_S,2017-04-03 06:12:33,2017-04-02
Alexander,White Girl,star,5,2,Xbox_One_S,2017-02-05 04:38:25,
Alexander,The Office (U.S.),star,5,2,HTML 5,2015-10-18 22:19:58,2015-10-18
Alexander,High School Musical 2,star,-1,1,Laptop/Desktop,2015-04-09 17:24:59,2015-04-09
Alexander,Glee,star,-1,1,Laptop/Desktop,2014-11-06 04:48:05,2014-11-01
Alexander,Top Gear,star,5,2,Laptop/Desktop,2014-11-03 18:27:05,2014-11-03
Alexander,The Avengers,star,5,2,Unknown,2014-10-10 04:10:33,2014-10-07
Alexander,Shooter,star,5,2,Unknown,2014-10-08 03:24:18,2014-10-07
sonia,Predators,thumb,,3,iPhone,2023-09-25 00:58:39,
sonia,River Wild,thumb,,1,Smart TV,2023-08-09 03:28:05,
sonia,MADOFF: The Monster of Wall Street,thumb,,2,Smart TV,2023-08-06 23:51:58,
sonia,Untold: The Girlfriend Who Didn't Exist,thumb,,3,Smart TV,2023-08-06 23:35:35,
sonia,The Night Agent,thumb,,2,Smart TV,2023-07-28 02:35:25,
sonia,Quarterback,thumb,,3,Smart TV,2023-07-28 02:35:16,
sonia,Missing,thumb,,2,Smart TV,2023-05-22 05:15:17,
sonia,The Tinder Swindler,thumb,,3,Smart TV,2023-05-08 18:37:43,
sonia,Space Force,thumb,,3,iPhone,2023-05-01 18:54:51,
sonia,Black Mirror,thumb,,3,Smart TV,2023-04-28 05:12:45,
sonia,John Mulaney: Baby J,thumb,,3,Smart TV,2023-04-28 05:11:27,
sonia,BEEF,thumb,,3,Smart TV,2023-04-19 05:32:33,
sonia,The Powerpuff Girls,thumb,,2,Smart TV,2023-04-19 05:31:48,
sonia,The Last Dance,thumb,,3,Smart TV,2023-04-19 03:15:48,
sonia,American Manhunt: The Boston Marathon Bombing,thumb,,2,Smart TV,2023-04-14 02:20:56,
sonia,The Pursuit of Happyness,thumb,,2,Smart TV,2023-04-12 03:18:51,
sonia,Night Stalker: The Hunt for a Serial Killer,thumb,,2,Smart TV,2023-04-05 03:25:55,
sonia,Lenox Hill,thumb,,3,Smart TV,2023-04-05 03:25:25,
sonia,American Murder: The Family Next Door,thumb,,2,Smart TV,2023-04-05 03:21:59,
sonia,It,thumb,,3,Smart TV,2023-03-30 04:38:06,
sonia,Love Is Blind,thumb,,1,Smart TV,2023-03-30 04:32:56,
sonia,Murder Mystery,thumb,,2,Smart TV,2023-03-27 23:01:03,
sonia,Luther: The Fallen Sun,thumb,,2,Smart TV,2023-03-27 04:35:20,
sonia,The Elephant Whisperers,thumb,,3,Smart TV,2023-03-24 03:04:44,
sonia,Spirit: Stallion of the Cimarron,thumb,,3,Smart TV,2023-03-24 02:09:30,
sonia,Bo Burnham: Inside,thumb,,3,Smart TV,2023-03-20 22:30:20,
sonia,Santa Clarita Diet,thumb,,1,Smart TV,2023-03-09 06:41:39,
sonia,Murdaugh Murders: A Southern Scandal,thumb,,3,Smart TV,2023-02-28 03:34:48,
sonia,Formula 1: Drive to Survive,thumb,,3,Smart TV,2023-02-26 03:02:22,
sonia,Puss in Book: Trapped in an Epic Tale,thumb,,1,Smart TV,2023-02-18 07:21:01,
sonia,Battle Kitty,thumb,,1,Smart TV,2023-02-18 07:14:13,
sonia,The Willoughbys,thumb,,3,Smart TV,2023-02-18 07:05:06,
sonia,You People,thumb,,1,Smart TV,2023-02-18 07:04:21,
sonia,The Sea Beast,thumb,,2,iPhone,2023-02-17 08:22:14,
sonia,Don't F**k with Cats: Hunting an Internet Killer,thumb,,3,iPad,2023-02-02 04:04:58,
sonia,The Guilty,thumb,,2,Smart TV,2023-01-30 04:35:56,
sonia,You,thumb,,3,Smart TV,2023-01-30 04:35:44,
sonia,The Bad Guys,thumb,,3,Smart TV,2023-01-25 04:04:13,
sonia,Inside Job,thumb,,3,Smart TV,2023-01-01 00:52:39,
sonia,The Gray Man,thumb,,3,Xbox One,2022-12-17 18:33:13,
sonia,Entergalactic,thumb,,3,iPhone,2022-10-24 07:27:22,
sonia,The Midnight Gospel,thumb,,3,Smart TV,2022-09-10 05:54:35,
sonia,MINDHUNTER,thumb,,3,Smart TV,2022-07-21 02:10:57,
sonia,Shadow and Bone,thumb,,3,Smart TV,2022-07-14 06:20:20,
sonia,Kipo and the Age of Wonderbeasts,thumb,,3,Smart TV,2022-07-14 06:16:18,
sonia,The Mitchells vs. The Machines,thumb,,3,Smart TV,2022-07-14 04:18:08,
Dan,Luckiest Girl Alive,thumb,,1,Xbox One,2022-10-20 16:51:22,
