Profile Name,Country Iso Code,Device,Is Kids,Query Typed,Displayed Name,Action,Section,Utc Timestamp
brother,US,Smart TV,0,no,Non-Stop,play,title_results,2023-09-15 14:37:37
brother,US,Smart TV,0,no,Non-Stop,select,title_results,2023-09-15 14:37:35
brother,US,Smart TV,0,,Fast & Furious,play,prequery_results,2023-08-17 03:35:52
brother,US,Smart TV,0,,Fast & Furious,play,prequery_results,2023-08-17 01:57:57
brother,US,Smart TV,0,,Fast & Furious,select,prequery_results,2023-08-17 01:57:54
brother,US,Smart TV,0,,2 Fast 2 Furious,play,prequery_results,2023-08-17 00:16:44
brother,US,Smart TV,0,,2 Fast 2 Furious,select,prequery_results,2023-08-17 00:16:42
brother,US,Smart TV,0,,Fast & Furious,play,prequery_results,2023-08-17 00:16:28
brother,US,Smart TV,0,,Fast & Furious,select,prequery_results,2023-08-17 00:16:26
brother,US,Smart TV,0,,2 Fast 2 Furious,play,prequery_results,2023-08-17 00:16:10
brother,US,Smart TV,0,,2 Fast 2 Furious,select,prequery_results,2023-08-17 00:16:08
brother,US,Smart TV,0,,Puss in Boots: The Last Wish,play,suggestion_results,2023-08-14 02:41:00
brother,US,Smart TV,0,,Puss in Boots: The Last Wish,select,suggestion_results,2023-08-14 02:40:57
brother,US,Smart TV,0,,,select,suggestion_results,2023-08-14 02:40:43
brother,US,Smart TV,0,kev,Me Time,play,title_results,2023-08-14 02:38:03
brother,US,Smart TV,0,kev,Me Time,select,title_results,2023-08-14 02:38:01
brother,US,Smart TV,0,mon,Monty Python and the Holy Grail,play,title_results,2023-08-14 01:51:13
brother,US,Smart TV,0,mon,Monty Python and the Holy Grail,select,title_results,2023-08-14 01:51:11
brother,US,Smart TV,0,ke,,select,suggestion_results,2023-08-14 01:48:45
brother,US,Smart TV,0,ke,,select,suggestion_results,2023-08-14 01:47:59
brother,US,Smart TV,0,man,The Man from Toronto,select,title_results,2023-08-14 01:45:18
brother,US,Smart TV,0,man,A Man Called Otto,play,title_results,2023-08-10 02:15:34
brother,US,Smart TV,0,man,A Man Called Otto,select,title_results,2023-08-10 02:15:32
brother,US,Smart TV,0,,,play,prequery_results,2023-08-06 19:14:38
brother,US,Smart TV,0,,,select,prequery_results,2023-08-06 19:14:09
brother,US,Smart TV,0,gl,Glass Onion: A Knives Out Mystery,play,title_results,2023-08-05 02:10:28
brother,US,Smart TV,0,gl,Glass Onion: A Knives Out Mystery,select,title_results,2023-08-05 02:10:25
brother,US,Smart TV,0,whi,White Noise,select,title_results,2023-08-05 02:05:41
brother,US,Smart TV,0,m,Murder Mystery 2,play,title_results,2023-07-22 00:31:54
brother,US,Smart TV,0,m,Murder Mystery 2,select,title_results,2023-07-22 00:31:51
brother,US,Smart TV,0,m,Murder Mystery,play,title_results,2023-07-22 00:31:47
brother,US,Smart TV,0,m,Murder Mystery,select,title_results,2023-07-22 00:31:44
brother,US,Smart TV,0,ind,,play,title_results,2023-07-19 01:55:20
brother,US,Smart TV,0,ind,,select,title_results,2023-07-19 01:55:17
brother,US,Smart TV,0,p,,play,title_results,2023-07-04 04:27:59
brother,US,Smart TV,0,p,,select,title_results,2023-07-04 04:27:56
brother,US,Smart TV,0,da,,play,title_results,2023-07-04 02:43:44
brother,US,Smart TV,0,da,,select,title_results,2023-07-04 02:43:41
brother,US,Smart TV,0,man ,The Man from Toronto,play,title_results,2023-06-18 04:08:28
brother,US,Smart TV,0,man ,The Man from Toronto,select,title_results,2023-06-18 04:08:25
brother,US,Smart TV,0,j,,play,title_results,2023-05-20 17:40:02
brother,US,Smart TV,0,j,,select,title_results,2023-05-20 17:39:59
brother,US,Smart TV,0,,,play,prequery_results,2023-05-13 05:51:41
brother,US,Smart TV,0,,,play,prequery_results,2023-05-12 23:30:48
brother,US,Smart TV,0,,,select,prequery_results,2023-05-12 23:30:46
brother,US,Smart TV,0,de,,play,title_results,2023-04-11 02:33:58
brother,US,Smart TV,0,de,,select,title_results,2023-04-11 02:33:55
brother,US,Smart TV,0,,The Bourne Supremacy,play,prequery_results,2023-04-07 16:32:10
brother,US,Smart TV,0,,The Bourne Supremacy,select,prequery_results,2023-04-07 16:32:08
brother,US,Smart TV,0,,The Bourne Ultimatum,play,prequery_results,2023-04-07 16:32:05
brother,US,Smart TV,0,,The Bourne Ultimatum,select,prequery_results,2023-04-07 16:32:02
brother,US,Smart TV,0,,The Bourne Identity,play,prequery_results,2023-04-07 16:31:58
brother,US,Smart TV,0,,The Bourne Identity,select,prequery_results,2023-04-07 16:31:56
brother,US,Smart TV,0,,The Bourne Supremacy,play,prequery_results,2023-04-07 16:31:53
brother,US,Smart TV,0,,The Bourne Supremacy,select,prequery_results,2023-04-07 16:31:50
brother,US,Smart TV,0,,The Bourne Identity,play,prequery_results,2023-04-05 00:32:15
brother,US,Smart TV,0,,The Bourne Identity,select,prequery_results,2023-04-05 00:32:12
brother,US,Smart TV,0,nak,Naked,play,title_results,2023-03-20 02:20:25
brother,US,Smart TV,0,nak,Naked,select,title_results,2023-03-20 02:20:22
brother,US,Smart TV,0,g,Glass Onion: A Knives Out Mystery,play,title_results,2023-03-20 02:18:46
brother,US,Smart TV,0,g,Glass Onion: A Knives Out Mystery,select,title_results,2023-03-20 02:18:44
brother,US,Smart TV,0,ha,The Hangover: Part II,play,title_results,2023-03-16 03:23:34
brother,US,Smart TV,0,ha,The Hangover: Part II,play,title_results,2023-03-16 01:31:04
brother,US,Smart TV,0,ha,The Hangover: Part II,select,title_results,2023-03-16 01:31:00
brother,US,Smart TV,0,rr,RRR (Hindi),play,title_results,2023-01-30 22:01:11
brother,US,Smart TV,0,rr,RRR (Hindi),play,title_results,2023-01-30 22:01:11
brother,US,Smart TV,0,rr,RRR (Hindi),select,title_results,2023-01-30 22:01:09
brother,US,Smart TV,0,rr,RRR (Hindi),select,title_results,2023-01-30 22:01:09
brother,US,Smart TV,0,ha,,play,title_results,2023-01-09 03:10:09
brother,US,Smart TV,0,ha,,play,title_results,2023-01-09 03:10:09
brother,US,Smart TV,0,ha,,select,title_results,2023-01-09 03:10:07
brother,US,Smart TV,0,ha,,select,title_results,2023-01-09 03:10:07
brother,US,Smart TV,0,h,,play,title_results,2023-01-09 03:07:25
brother,US,Smart TV,0,h,,play,title_results,2023-01-09 03:07:25
brother,US,Smart TV,0,h,,select,title_results,2023-01-09 03:07:23
brother,US,Smart TV,0,h,,select,title_results,2023-01-09 03:07:23
brother,US,Smart TV,0,,,play,prequery_results,2023-01-03 03:59:11
brother,US,Smart TV,0,,,play,prequery_results,2023-01-03 03:58:50
brother,US,Smart TV,0,,,select,prequery_results,2023-01-03 03:58:48
brother,US,Smart TV,0,,Troll,play,prequery_results,2023-01-03 03:55:48
brother,US,Smart TV,0,,Troll,select,prequery_results,2023-01-03 03:55:46
brother,US,Smart TV,0,,,play,prequery_results,2023-01-03 03:54:41
brother,US,Smart TV,0,,,select,prequery_results,2023-01-03 03:54:39
brother,US,Smart TV,0,pi,Pineapple Express,play,title_results,2023-01-03 02:59:00
brother,US,Smart TV,0,pi,Pineapple Express,play,title_results,2023-01-03 02:59:00
brother,US,Smart TV,0,pi,Pineapple Express,select,title_results,2023-01-03 02:58:58
brother,US,Smart TV,0,pi,Pineapple Express,select,title_results,2023-01-03 02:58:58
brother,SA,Xbox One,0,r,,play,title_results,2022-12-28 22:48:31
brother,SA,Xbox One,0,r,,play,title_results,2022-12-28 22:48:31
brother,SA,Xbox One,0,r,,play,title_results,2022-12-28 22:28:49
brother,SA,Xbox One,0,r,,play,title_results,2022-12-28 22:28:49
brother,SA,Xbox One,0,r,,select,title_results,2022-12-28 22:28:02
brother,SA,Xbox One,0,r,,select,title_results,2022-12-28 22:28:02
brother,SA,Xbox One,0,u,,select,title_results,2022-12-22 19:23:17
brother,SA,Xbox One,0,u,,select,title_results,2022-12-22 19:23:17
brother,SA,Xbox One,0,,Ronaldo,play,prequery_results,2022-12-22 19:20:24
brother,SA,Xbox One,0,,Ronaldo,select,prequery_results,2022-12-22 19:20:21
brother,SA,Xbox One,0,fi,,play,title_results,2022-12-22 19:14:56
brother,SA,Xbox One,0,fi,,play,title_results,2022-12-22 19:14:56
brother,SA,Xbox One,0,fi,,select,title_results,2022-12-22 19:14:54
brother,SA,Xbox One,0,fi,,select,title_results,2022-12-22 19:14:54
brother,SA,Xbox One,0,f,Farha,play,title_results,2022-12-22 18:45:05
brother,SA,Xbox One,0,f,Farha,play,title_results,2022-12-22 18:45:05
brother,SA,Xbox One,0,f,Farha,select,title_results,2022-12-22 18:45:02
brother,SA,Xbox One,0,f,Farha,select,title_results,2022-12-22 18:45:02
brother,SA,Xbox One,0,f,Farha,play,title_results,2022-12-22 18:44:43
brother,SA,Xbox One,0,f,Farha,play,title_results,2022-12-22 18:44:43
brother,SA,Xbox One,0,f,Farha,select,title_results,2022-12-22 18:44:41
brother,SA,Xbox One,0,f,Farha,select,title_results,2022-12-22 18:44:41
brother,SA,Xbox One,0,ada,,play,title_results,2022-12-16 20:53:27
brother,SA,Xbox One,0,ada,,play,title_results,2022-12-16 20:53:27
brother,SA,Xbox One,0,ada,,play,title_results,2022-12-16 20:36:35
brother,SA,Xbox One,0,ada,,play,title_results,2022-12-16 20:36:35
brother,SA,Xbox One,0,ada,,play,title_results,2022-12-16 20:33:08
brother,SA,Xbox One,0,ada,,play,title_results,2022-12-16 20:33:08
brother,SA,Xbox One,0,ada,,select,title_results,2022-12-16 20:33:05
brother,SA,Xbox One,0,ada,,select,title_results,2022-12-16 20:33:05
brother,SA,Xbox One,0,ada,Hustle,play,title_results,2022-12-16 20:32:52
brother,SA,Xbox One,0,ada,Hustle,play,title_results,2022-12-16 20:32:52
brother,SA,Xbox One,0,ada,Hustle,select,title_results,2022-12-16 20:32:48
brother,SA,Xbox One,0,ada,Hustle,select,title_results,2022-12-16 20:32:48
brother,SA,Xbox One,0,,,play,prequery_results,2022-12-16 16:30:53
brother,SA,Xbox One,0,,,select,prequery_results,2022-12-16 16:30:50
brother,US,Smart TV,0,un,Untold: Operation Flagrant Foul,play,title_results,2022-11-20 05:08:32
brother,US,Smart TV,0,un,Untold: Operation Flagrant Foul,play,title_results,2022-11-20 05:08:32
brother,US,Smart TV,0,un,Untold: Operation Flagrant Foul,select,title_results,2022-11-20 05:08:27
brother,US,Smart TV,0,un,Untold: Operation Flagrant Foul,select,title_results,2022-11-20 05:08:27
brother,US,Smart TV,0,un,,select,title_results,2022-11-20 05:07:27
brother,US,Smart TV,0,un,,select,title_results,2022-11-20 05:07:27
brother,US,Smart TV,0,,,play,prequery_results,2022-10-18 18:56:08
brother,US,Smart TV,0,,,select,prequery_results,2022-10-18 18:56:06
brother,US,Smart TV,0,redee,The Redeem Team,play,title_results,2022-10-07 23:54:25
brother,US,Smart TV,0,redee,The Redeem Team,play,title_results,2022-10-07 23:54:25
brother,US,Smart TV,0,redee,The Redeem Team,select,title_results,2022-10-07 23:54:23
brother,US,Smart TV,0,redee,The Redeem Team,select,title_results,2022-10-07 23:54:23
brother,US,Smart TV,0,hei,,play,title_results,2022-09-21 00:26:30
brother,US,Smart TV,0,hei,,play,title_results,2022-09-21 00:26:30
brother,US,Smart TV,0,hei,,play,title_results,2022-09-20 23:54:49
brother,US,Smart TV,0,hei,,play,title_results,2022-09-20 23:54:49
brother,US,Smart TV,0,hei,,select,title_results,2022-09-20 23:54:47
brother,US,Smart TV,0,hei,,select,title_results,2022-09-20 23:54:47
brother,US,Smart TV,0,jo,John Q,play,title_results,2022-09-17 19:02:42
brother,US,Smart TV,0,jo,John Q,play,title_results,2022-09-17 19:02:42
brother,US,Smart TV,0,jo,John Q,select,title_results,2022-09-17 19:02:40
brother,US,Smart TV,0,jo,John Q,select,title_results,2022-09-17 19:02:40
brother,US,Smart TV,0,n,,play,title_results,2022-09-14 04:05:47
brother,US,Smart TV,0,n,,play,title_results,2022-09-14 04:05:47
brother,US,Smart TV,0,n,,select,title_results,2022-09-14 04:05:44
brother,US,Smart TV,0,n,,select,title_results,2022-09-14 04:05:44
brother,US,Smart TV,0,b,,play,title_results,2022-09-10 15:03:59
brother,US,Smart TV,0,b,,play,title_results,2022-09-10 15:03:59
brother,US,Smart TV,0,b,,select,title_results,2022-09-10 15:03:45
brother,US,Smart TV,0,b,,select,title_results,2022-09-10 15:03:45
brother,US,Smart TV,0,ti,The Tinder Swindler,play,title_results,2022-08-16 20:49:56
brother,US,Smart TV,0,ti,The Tinder Swindler,play,title_results,2022-08-16 20:49:56
brother,US,Smart TV,0,ti,The Tinder Swindler,select,title_results,2022-08-16 20:49:52
brother,US,Smart TV,0,ti,The Tinder Swindler,select,title_results,2022-08-16 20:49:52
brother,US,Smart TV,0,z,Zero Dark Thirty,play,title_results,2022-07-25 05:03:33
brother,US,Smart TV,0,z,Zero Dark Thirty,play,title_results,2022-07-25 05:03:33
brother,US,Smart TV,0,z,Zero Dark Thirty,select,title_results,2022-07-25 05:03:31
brother,US,Smart TV,0,z,Zero Dark Thirty,select,title_results,2022-07-25 05:03:31
brother,US,Smart TV,0,batte,Batteries Not Included,select,suggestion_results,2022-04-30 21:35:20
brother,US,Smart TV,0,bod,Body of Lies,play,title_results,2022-04-11 01:14:34
brother,US,Smart TV,0,bod,Body of Lies,play,title_results,2022-04-11 00:58:48
brother,US,Smart TV,0,bod,Body of Lies,select,title_results,2022-04-11 00:58:46
brother,US,Smart TV,0,ba,Battleship,play,title_results,2022-04-01 23:10:07
brother,US,Smart TV,0,ba,Battleship,select,title_results,2022-04-01 23:10:05
brother,US,Smart TV,0,ar,Army of the Dead,play,title_results,2022-03-25 19:39:39
brother,US,Smart TV,0,ar,Army of the Dead,select,title_results,2022-03-25 19:39:35
brother,US,Smart TV,0,d,Don't Look Up,play,title_results,2022-03-16 00:35:19
brother,US,Smart TV,0,d,Don't Look Up,select,title_results,2022-03-16 00:35:17
brother,US,Smart TV,0,go,,play,suggestion_results,2022-02-28 03:28:19
brother,US,Smart TV,0,go,,select,suggestion_results,2022-02-28 03:28:17
brother,US,Smart TV,0,go,GODZILLA City on the Edge of Battle,play,suggestion_results,2022-02-28 03:28:13
brother,US,Smart TV,0,go,GODZILLA City on the Edge of Battle,select,suggestion_results,2022-02-28 03:28:11
brother,US,Smart TV,0,go,Godzilla,play,suggestion_results,2022-02-28 03:28:08
brother,US,Smart TV,0,go,Godzilla,select,suggestion_results,2022-02-28 03:28:07
brother,US,Smart TV,0,go,,select,suggestion_results,2022-02-28 03:27:58
brother,US,iPad,0,dope,The Tinder Swindler,select,title_results,2022-02-08 04:14:44
brother,US,iPad,0,dope,"Dope: Season 3: ""The Devil's Oldest Trick""",play,title_results,2022-02-08 03:36:26
brother,US,iPad,0,dope,"Dope: Season 3: ""The Devil's Oldest Trick""",play,title_results,2022-02-08 03:34:59
brother,US,iPad,0,dope,,select,title_results,2022-02-08 03:34:56
brother,US,Smart TV,0,fo,,play,suggestion_results,2022-01-30 06:22:24
brother,US,Smart TV,0,fo,,select,suggestion_results,2022-01-30 06:22:22
brother,US,Smart TV,0,fo,,select,suggestion_results,2022-01-30 06:22:21
brother,US,Smart TV,0,af,,play,title_results,2022-01-15 04:56:49
brother,US,Smart TV,0,af,,select,title_results,2022-01-15 04:56:47
brother,US,Smart TV,0,af,,play,title_results,2022-01-15 04:32:28
brother,US,Smart TV,0,af,,select,title_results,2022-01-15 04:32:27
brother,US,Smart TV,0,the g,,play,title_results,2022-01-05 05:42:18
brother,US,Smart TV,0,the g,,select,title_results,2022-01-05 05:42:17
brother,US,iPad,0,tik,,select,title_results,2021-12-29 01:41:37
brother,US,iPad,0,tik,"tick, tick...BOOM!",play,title_results,2021-12-28 03:22:47
brother,US,iPad,0,tik,"tick, tick...BOOM!",select,title_results,2021-12-28 03:22:45
brother,US,iPad,0,tik ,"tick, tick...BOOM!",select,title_results,2021-12-27 22:06:59
brother,US,Smart TV,0,the g,,play,title_results,2021-12-23 00:51:36
brother,US,Smart TV,0,the g,,select,title_results,2021-12-23 00:51:34
brother,US,Smart TV,0,ind,,play,title_results,2021-12-16 00:56:34
brother,US,Smart TV,0,ind,,play,title_results,2021-12-16 00:56:22
brother,US,Smart TV,0,ind,,select,title_results,2021-12-16 00:56:20
brother,US,iPad,0,catching ,"Catching Killers: Season 1: ""Manhunter: Aileen Wuornos""",play,title_results,2021-12-15 03:37:20
brother,US,iPad,0,catching ,,select,title_results,2021-12-15 03:37:17
brother,US,iPad,0,catching ,,select,title_results,2021-12-15 03:36:51
brother,US,Smart TV,0,f,,play,title_results,2021-12-10 05:06:56
brother,US,Smart TV,0,f,,select,title_results,2021-12-10 05:06:55
brother,US,Smart TV,0,ti,,play,title_results,2021-12-08 00:49:52
brother,US,Smart TV,0,ti,,select,title_results,2021-12-08 00:48:59
brother,US,iPad,0,catch,"Catching Killers: Season 1: ""Body Count: The Green River Killer""",play,title_results,2021-12-07 04:07:10
brother,US,iPad,0,catch,,select,title_results,2021-12-07 04:05:23
brother,US,iPhone,0,lov,Love Hard,play,title_results,2021-12-04 09:04:47
brother,US,iPhone,0,lov,Love Hard,select,title_results,2021-12-04 09:04:34
brother,US,iPad,0,attack,,select,title_results,2021-11-16 13:55:42
brother,US,iPad,0,animal,,select,title_results,2021-11-16 13:54:49
brother,US,iPad,0,animal,,select,prequery_results,2021-11-16 13:54:26
brother,US,Smart TV,0,lu,,play,title_results,2021-11-09 01:05:42
brother,US,Smart TV,0,lu,,play,title_results,2021-11-09 01:02:22
brother,US,Smart TV,0,lu,,select,title_results,2021-11-09 01:02:20
brother,US,Smart TV,0,,,play,prequery_results,2021-10-27 23:53:22
brother,US,Smart TV,0,,,select,prequery_results,2021-10-27 23:53:21
brother,US,Smart TV,0,,,play,prequery_results,2021-10-27 20:29:59
brother,US,Smart TV,0,,,play,prequery_results,2021-10-27 18:42:11
brother,US,Smart TV,0,,,play,prequery_results,2021-10-27 18:13:24
brother,US,Smart TV,0,,,select,prequery_results,2021-10-27 18:13:22
brother,US,Smart TV,0,,,play,prequery_results,2021-10-27 18:13:02
brother,US,Smart TV,0,,,select,prequery_results,2021-10-27 18:12:59
brother,US,iPad,0,,The Guilty,play,prequery_results,2021-10-17 03:55:26
brother,US,iPad,0,,The Guilty,play,prequery_results,2021-10-17 03:53:56
brother,US,iPad,0,,The Guilty,select,prequery_results,2021-10-17 03:53:44
brother,US,Smart TV,0,q,,play,title_results,2021-10-17 01:27:46
brother,US,Smart TV,0,q,,play,title_results,2021-10-17 01:27:26
brother,US,Smart TV,0,q,,select,title_results,2021-10-17 01:27:23
brother,US,Smart TV,0,sk,,play,title_results,2021-10-17 01:22:56
brother,US,Smart TV,0,sk,,select,title_results,2021-10-17 01:22:53
brother,US,Smart TV,0,da,,play,suggestion_results,2021-10-17 01:19:51
brother,US,Smart TV,0,da,,select,suggestion_results,2021-10-17 01:19:48
brother,US,Smart TV,0,da,Dark,select,suggestion_results,2021-10-17 01:19:43
brother,US,Smart TV,0,,,play,prequery_results,2021-10-10 03:29:12
brother,US,Smart TV,0,,,select,prequery_results,2021-10-10 03:29:09
brother,US,Smart TV,0,,,play,prequery_results,2021-10-09 21:55:36
brother,US,Smart TV,0,,,select,prequery_results,2021-10-09 21:55:34
brother,US,iPad,0,,,select,prequery_results,2021-10-08 21:49:07
brother,US,iPhone,0,cat h me,Catch Me If You Can,play,title_results,2021-10-02 01:17:05
brother,US,iPhone,0,cat h me,Catch Me If You Can,select,title_results,2021-10-02 01:17:02
brother,US,iPhone,0,sq,"Squid Game: Season 1: ""Gganbu""",play,title_results,2021-09-30 06:50:23
brother,US,iPhone,0,sq,,select,title_results,2021-09-30 06:50:15
brother,US,Smart TV,0,mo,,play,title_results,2021-09-29 01:53:54
brother,US,Smart TV,0,mo,,select,title_results,2021-09-29 01:53:51
brother,US,iPhone,0,intru,Intrusion,select,title_results,2021-09-26 00:30:48
brother,US,iPhone,0,13th ,13TH,select,title_results,2021-09-26 00:30:30
brother,US,iPhone,0,intru,Intrusion,select,title_results,2021-09-26 00:25:18
brother,US,iPad,0,att,"Attack on Titan: Season 1: ""Wall: Raid on Stohess District, Part 3""",play,title_results,2021-09-22 04:38:29
brother,US,iPad,0,att,,select,title_results,2021-09-22 04:38:12
brother,US,iPad,0,attack ,"Attack on Titan: Season 1: ""Erwin Smith: 57th Expedition Beyond the Walls, Part 4""",play,title_results,2021-09-19 04:46:32
brother,US,iPad,0,attack ,,select,title_results,2021-09-19 02:45:13
brother,US,iPhone,0,atta,"Attack on Titan: Season 1: ""Hearing the Heartbeat: Battle of Trost District, Part 4""",play,title_results,2021-09-19 02:16:31
brother,US,iPhone,0,atta,"Attack on Titan: Season 1: ""Night of the Graduation Ceremony: Humanity Rises Again, Part 2""",play,title_results,2021-09-19 01:29:46
brother,US,iPhone,0,atta,,select,title_results,2021-09-19 01:29:32
brother,US,iPad,0,planet ,"Our Planet: ""One Planet""",play,title_results,2021-08-30 02:40:14
brother,US,iPad,0,planet ,,select,title_results,2021-08-30 02:40:10
brother,US,iPad,0,ins,Bo Burnham: Inside,play,title_results,2021-08-29 03:01:37
brother,US,iPad,0,ins,Bo Burnham: Inside,select,title_results,2021-08-29 03:01:34
brother,US,iPad,0,mind,"MINDHUNTER: Season 1: ""Episode 1""",play,title_results,2021-08-20 05:25:57
brother,US,iPad,0,mind,,select,title_results,2021-08-20 05:25:55
brother,US,Smart TV,0,u,,play,title_results,2021-08-18 19:47:34
brother,US,Smart TV,0,u,,play,title_results,2021-08-18 19:41:13
brother,US,Smart TV,0,u,,select,title_results,2021-08-18 19:41:11
brother,US,Smart TV,0,u,,play,title_results,2021-08-18 19:09:52
brother,US,Smart TV,0,u,,select,title_results,2021-08-18 19:09:49
brother,US,Smart TV,0,lup,,play,title_results,2021-08-18 17:00:08
brother,US,Smart TV,0,lup,,select,title_results,2021-08-18 17:00:06
brother,US,Smart TV,0,lu,,play,title_results,2021-08-16 23:41:27
brother,US,Smart TV,0,lu,,select,title_results,2021-08-16 23:01:01
brother,US,Smart TV,0,lu,,play,title_results,2021-08-16 19:00:02
brother,US,Smart TV,0,lu,,play,title_results,2021-08-16 17:52:11
brother,US,Smart TV,0,lu,,play,title_results,2021-08-16 17:02:12
brother,US,Smart TV,0,lu,,select,title_results,2021-08-16 17:02:09
brother,US,iPad,0,min,"MINDHUNTER: Season 1: ""Episode 1""",play,title_results,2021-08-15 19:45:33
brother,US,iPad,0,min,,select,title_results,2021-08-15 19:45:29
brother,US,iPad,0,the keep,"The Keepers: Season 1: ""The Murder""",play,title_results,2021-08-12 01:46:57
brother,US,iPad,0,the keep,,select,title_results,2021-08-12 01:46:52
brother,US,iPad,0,crime,,select,title_results,2021-08-10 01:21:40
brother,US,iPhone,0,,The Twilight Saga: Eclipse,play,prequery_results,2021-08-08 06:56:12
brother,US,iPhone,0,,The Twilight Saga: Eclipse,select,prequery_results,2021-08-08 06:56:10
brother,US,iPhone,0,tw,Twilight,play,title_results,2021-08-06 05:36:41
brother,US,iPhone,0,tw,Twilight,select,title_results,2021-08-06 05:36:36
brother,US,Smart TV,0,ind,,play,title_results,2021-08-01 12:13:40
brother,US,Smart TV,0,ind,,select,title_results,2021-08-01 12:13:38
brother,US,Smart TV,0,ind,,play,title_results,2021-07-29 23:08:14
brother,US,Smart TV,0,ind,,play,title_results,2021-07-29 23:07:46
brother,US,Smart TV,0,ind,,select,title_results,2021-07-29 23:07:44
brother,US,Smart TV,0,indi,,play,title_results,2021-07-26 04:32:52
brother,US,Smart TV,0,indi,,play,title_results,2021-07-26 04:25:34
brother,US,Smart TV,0,indi,,select,title_results,2021-07-26 04:25:32
brother,US,Smart TV,0,ins,Bo Burnham: Inside,play,title_results,2021-07-26 04:14:07
brother,US,Smart TV,0,ins,Bo Burnham: Inside,select,title_results,2021-07-26 04:14:04
brother,US,iPhone,0,indian mat,"Indian Matchmaking: Season 1: ""I Want to See You Again""",play,title_results,2021-07-25 23:42:36
brother,US,iPhone,0,indian mat,,select,title_results,2021-07-25 23:42:15
brother,US,Smart TV,0,ki,,play,title_results,2021-07-17 01:00:42
brother,US,Smart TV,0,ki,,select,title_results,2021-07-17 01:00:27
brother,US,Smart TV,0,mr k,,play,title_results,2021-06-12 01:55:49
brother,US,Smart TV,0,mr k,,select,title_results,2021-06-12 01:55:47
brother,US,iPad,0,ted ,"Extremely Wicked, Shockingly Evil and Vile",play,,2021-05-15 01:38:56
brother,US,iPad,0,ted ,"Extremely Wicked, Shockingly Evil and Vile",select,,2021-05-15 01:38:54
brother,US,iPad,0,centra,"When They See Us: Limited Series: ""Part One""",play,,2021-05-13 01:30:56
brother,US,iPad,0,centra,,select,,2021-05-13 01:30:49
brother,US,Smart TV,0,sla,,play,,2021-05-03 04:46:25
brother,US,Smart TV,0,sla,,play,,2021-05-03 04:45:02
brother,US,Smart TV,0,sla,,select,,2021-05-03 04:45:00
brother,US,Smart TV,0,sl,,play,,2021-04-11 02:15:31
brother,US,Smart TV,0,sl,,play,,2021-04-11 02:14:11
brother,US,Smart TV,0,sl,,play,,2021-04-11 02:13:16
brother,US,Smart TV,0,sl,,select,,2021-04-11 02:13:13
brother,US,iPhone,0,sonja farak,,select,,2021-03-06 20:28:40
brother,US,iPhone,0,brid,"Bridgerton: Season 1: ""After the Rain""",play,,2021-02-27 05:26:09
brother,US,iPhone,0,brid,"Bridgerton: Season 1: ""Diamond of the First Water""",play,,2021-02-27 05:25:56
brother,US,iPhone,0,brid,,select,,2021-02-27 05:25:52
brother,US,iPhone,0,hotel ,,select,,2021-02-14 07:08:16
brother,US,iPhone,0,chica,The Trial of the Chicago 7,select,,2021-02-14 07:04:00
brother,US,iPhone,0,when they see ,,select,,2021-02-14 04:02:23
brother,US,iPhone,0,moon,Moonlight,select,,2021-02-14 03:59:22
brother,US,HTML 5,0,how to fix,"How to Fix a Drug Scandal: Limited Series: ""Episode 4""",play,,2021-02-01 18:45:07
brother,US,HTML 5,0,how to fix,"How to Fix a Drug Scandal: Limited Series: ""Episode 3""",play,,2021-02-01 18:17:26
brother,US,HTML 5,0,how to fix,"How to Fix a Drug Scandal: Limited Series: ""Episode 3""",play,,2021-02-01 18:12:26
brother,US,HTML 5,0,how to fix,"How to Fix a Drug Scandal: Limited Series: ""Episode 1""",play,,2021-02-01 18:03:19
brother,US,HTML 5,0,how to fix,"How to Fix a Drug Scandal: Limited Series: ""Episode 2""",play,,2021-02-01 17:52:49
brother,US,HTML 5,0,how to fix,"How to Fix a Drug Scandal: Limited Series: ""Episode 2""",play,,2021-02-01 01:36:06
brother,US,HTML 5,0,how to fix,"How to Fix a Drug Scandal: Limited Series: ""Episode 3""",play,,2021-02-01 01:32:40
brother,US,Smart TV,0,cri,,play,,2021-01-19 00:12:18
brother,US,Smart TV,0,cri,,select,,2021-01-19 00:12:16
brother,US,Smart TV,0,cri,Abducted in Plain Sight,play,,2021-01-19 00:12:06
brother,US,Smart TV,0,cri,Abducted in Plain Sight,select,,2021-01-19 00:12:03
brother,US,Smart TV,0,cri,,play,,2021-01-19 00:11:50
brother,US,Smart TV,0,cri,,select,,2021-01-19 00:11:48
brother,US,Smart TV,0,cri,,play,,2021-01-19 00:11:29
brother,US,Smart TV,0,cri,,select,,2021-01-19 00:11:27
brother,US,Smart TV,0,cri,,select,,2021-01-19 00:11:13
brother,US,Smart TV,0,,Truth or Dare,select,,2021-01-18 00:42:00
brother,US,Smart TV,0,,Apollo 18,play,,2021-01-18 00:41:47
brother,US,Smart TV,0,,Apollo 18,select,,2021-01-18 00:41:45
brother,US,Smart TV,0,,In the Tall Grass,select,,2021-01-18 00:39:18
brother,US,Smart TV,0,,Dark Skies,play,,2021-01-18 00:39:12
brother,US,Smart TV,0,,Dark Skies,select,,2021-01-18 00:39:09
brother,US,Smart TV,0,,The Silence,select,,2021-01-18 00:37:11
brother,US,Smart TV,0,,The Forest,select,,2021-01-18 00:37:04
brother,US,Smart TV,0,,Before I Wake,play,,2021-01-18 00:33:24
brother,US,Smart TV,0,,Before I Wake,select,,2021-01-18 00:33:21
brother,US,Smart TV,0,,,select,,2021-01-18 00:21:03
brother,US,Smart TV,0,p,Christmas with a Prince,play,,2021-01-18 00:18:49
brother,US,Smart TV,0,p,Christmas with a Prince,select,,2021-01-18 00:18:46
brother,US,Smart TV,0,p,,play,,2021-01-18 00:18:35
brother,US,Smart TV,0,p,,select,,2021-01-18 00:18:33
brother,US,Smart TV,0,p,Peppermint,play,,2021-01-18 00:17:43
brother,US,Smart TV,0,p,Peppermint,select,,2021-01-18 00:17:41
brother,US,Smart TV,0,ma,,play,,2021-01-18 00:16:32
brother,US,Smart TV,0,ma,,select,,2021-01-18 00:16:30
brother,US,Smart TV,0,,Velvet Buzzsaw,play,,2021-01-18 00:15:28
brother,US,Smart TV,0,,Velvet Buzzsaw,select,,2021-01-18 00:15:25
brother,US,Smart TV,0,,The Departed,play,,2021-01-18 00:13:39
brother,US,Smart TV,0,,The Departed,select,,2021-01-18 00:13:37
brother,US,Smart TV,0,,,select,,2021-01-18 00:13:16
brother,US,Smart TV,0,bl,,play,,2021-01-03 23:47:42
brother,US,Smart TV,0,bl,,select,,2021-01-03 23:47:18
brother,US,iPhone,0,coron,"Coronavirus, Explained: Limited Series: ""The Race for a Vaccine""",play,,2021-01-01 22:58:05
brother,US,iPhone,0,coron,,select,,2021-01-01 22:58:01
brother,US,Smart TV,0,park,,play,,2021-01-01 18:03:28
brother,US,Smart TV,0,park,,select,,2021-01-01 18:03:27
brother,US,Smart TV,0,park,,select,,2021-01-01 18:03:26
brother,US,Smart TV,0,pla,,play,,2020-12-27 00:02:06
brother,US,Smart TV,0,pla,,select,,2020-12-27 00:02:04
brother,US,Smart TV,0,pla,,select,,2020-12-27 00:02:02
brother,US,Smart TV,0,s,,play,,2020-12-13 22:55:07
brother,US,Smart TV,0,s,,select,,2020-12-13 22:55:04
brother,US,Smart TV,0,made,,play,,2020-12-10 01:03:33
brother,US,Smart TV,0,made,,select,,2020-12-10 01:03:29
brother,US,Smart TV,0,boll,,play,,2020-12-06 03:13:12
brother,US,Smart TV,0,boll,,select,,2020-12-06 03:13:09
brother,US,Smart TV,0,,The Christmas Chronicles,play,,2020-12-05 23:27:29
brother,US,Smart TV,0,,The Christmas Chronicles,select,,2020-12-05 23:27:26
brother,SA,Xbox One,0,socia,The Social Dilemma,play,,2020-12-04 15:39:04
brother,SA,Xbox One,0,socia,The Social Dilemma,select,,2020-12-04 15:39:01
brother,US,Smart TV,0,un,,select,,2020-12-01 03:02:45
brother,US,Smart TV,0,vox,,play,,2020-11-30 00:58:34
brother,US,Smart TV,0,vox,,select,,2020-11-30 00:58:23
brother,US,Smart TV,0,vox,,play,,2020-11-29 20:45:05
brother,US,Smart TV,0,vox,,select,,2020-11-29 20:44:57
brother,US,Smart TV,0,ex,,play,,2020-11-29 20:44:25
brother,US,Smart TV,0,ex,,select,,2020-11-29 20:44:23
brother,US,Smart TV,0,aliv,#Alive,play,,2020-11-28 02:01:27
brother,US,Smart TV,0,aliv,#Alive,select,,2020-11-28 02:01:25
brother,US,Smart TV,0,the bo,The Boy,play,,2020-11-26 02:33:10
brother,US,Smart TV,0,the bo,The Boy,select,,2020-11-26 02:33:08
brother,US,Smart TV,0,boy,The Boy,play,,2020-11-26 01:32:02
brother,US,Smart TV,0,boy,The Boy,select,,2020-11-26 01:32:00
brother,US,HTML 5,0,shawn ,Shawn Mendes: In Wonder,play,,2020-11-23 18:40:10
brother,US,HTML 5,0,shawn ,Shawn Mendes: In Wonder,play,,2020-11-23 17:17:38
brother,US,Smart TV,0,ar,,play,,2020-11-08 21:30:23
brother,US,Smart TV,0,ar,,select,,2020-11-08 21:30:20
brother,US,Smart TV,0,tow,The Town,play,,2020-11-05 01:56:56
brother,US,Smart TV,0,tow,The Town,select,,2020-11-05 01:56:53
brother,US,HTML 5,0,grease,Grease,select,,2020-11-01 00:53:51
brother,US,Smart TV,0,un,,play,,2020-10-29 02:16:08
brother,US,Smart TV,0,un,,select,,2020-10-29 02:07:13
brother,US,Smart TV,0,wan,,play,,2020-10-29 02:06:12
brother,US,Smart TV,0,wan,,select,,2020-10-29 02:06:09
brother,US,Smart TV,0,,,play,,2020-10-29 02:05:34
brother,US,Smart TV,0,,,select,,2020-10-29 02:05:33
brother,US,Smart TV,0,,,select,,2020-10-29 02:05:32
brother,US,Smart TV,0,,,play,,2020-10-29 02:04:42
brother,US,Smart TV,0,,,select,,2020-10-29 02:04:40
brother,US,Smart TV,0,,,select,,2020-10-29 02:04:37
brother,US,Smart TV,0,ju ,,play,,2020-10-27 02:09:17
brother,US,Smart TV,0,ju ,,select,,2020-10-27 02:09:14
brother,US,Smart TV,0,ju ,,select,,2020-10-27 02:06:42
brother,US,Smart TV,0,ju ,,play,,2020-10-27 01:59:27
brother,US,Smart TV,0,ju ,,select,,2020-10-27 01:59:24
brother,US,Smart TV,0,o,,play,,2020-09-26 00:08:05
brother,US,Smart TV,0,o,,select,,2020-09-26 00:07:31
brother,US,Smart TV,0,o,,play,,2020-09-19 00:09:10
brother,US,Smart TV,0,o,,select,,2020-09-19 00:08:38
brother,US,Smart TV,0,toy ,Toy Story,select,,2020-09-19 00:05:34
brother,US,Smart TV,0,hind,Kabhi Khushi Kabhie Gham,play,,2020-09-07 07:30:51
brother,US,Smart TV,0,hind,Kabhi Khushi Kabhie Gham,play,,2020-09-07 03:49:16
brother,US,Smart TV,0,hind,Kabhi Khushi Kabhie Gham,select,,2020-09-07 03:49:13
brother,US,Smart TV,0,hind,,select,,2020-09-07 03:48:20
brother,US,Smart TV,0,disney,,select,,2020-07-26 00:19:23
brother,US,Smart TV,0,ne,,play,,2020-07-12 17:13:23
brother,US,Smart TV,0,ne,,play,,2020-07-12 17:11:47
brother,US,Smart TV,0,ne,,select,,2020-07-12 17:11:45
brother,US,Smart TV,0,ap,Apostle,play,,2020-07-12 00:55:12
brother,US,Smart TV,0,ap,Apostle,select,,2020-07-12 00:55:10
brother,US,Smart TV,0,stay,,play,,2020-06-28 18:47:39
brother,US,Smart TV,0,stay,,play,,2020-06-28 18:46:09
brother,US,Smart TV,0,stay,,select,,2020-06-28 18:45:36
brother,US,Smart TV,0,ed e,Rugrats in Paris: The Movie,play,,2020-06-04 01:21:22
brother,US,Smart TV,0,ed e,Rugrats in Paris: The Movie,select,,2020-06-04 01:21:19
brother,US,Smart TV,0,ed e,,select,,2020-06-04 01:21:15
brother,US,Smart TV,0,fair,,select,,2020-06-04 01:19:48
brother,US,Smart TV,0,bl,,play,,2020-06-04 00:39:48
brother,US,Smart TV,0,bl,,select,,2020-06-04 00:39:46
brother,US,Smart TV,0,bl,,play,,2020-05-31 00:55:44
brother,US,Smart TV,0,bl,,play,,2020-05-31 00:55:14
brother,US,Smart TV,0,bl,,select,,2020-05-31 00:55:12
brother,US,Smart TV,0,our idio,Our Idiot Brother,select,,2020-05-28 01:00:58
brother,US,Smart TV,0,,,select,,2020-05-28 00:49:41
brother,US,Smart TV,0,,,select,,2020-05-28 00:49:26
brother,US,Smart TV,0,,,select,,2020-05-28 00:48:59
brother,US,Smart TV,0,,,select,,2020-05-28 00:47:42
brother,US,Smart TV,0,,,select,,2020-05-28 00:47:20
brother,US,Smart TV,0,li,Lilo & Stitch,select,,2020-05-23 23:58:20
brother,US,Smart TV,0,li,Lilo & Stitch,select,,2020-05-23 23:58:10
brother,US,Smart TV,0,li,Rugrats in Paris: The Movie,play,,2020-05-23 22:41:47
brother,US,Smart TV,0,li,Rugrats in Paris: The Movie,select,,2020-05-23 22:41:45
brother,US,Smart TV,0,li,Lilo & Stitch,select,,2020-05-23 22:41:41
brother,US,Smart TV,0,pl,,play,,2020-05-22 23:47:23
brother,US,Smart TV,0,pl,,select,,2020-05-22 23:47:20
brother,US,Smart TV,0,pl,,play,,2020-05-22 23:42:21
brother,US,Smart TV,0,pl,,play,,2020-05-22 23:08:34
brother,US,Smart TV,0,pl,,play,,2020-05-22 23:08:25
brother,US,Smart TV,0,pl,,select,,2020-05-22 23:08:23
brother,US,Smart TV,0,pl,,select,,2020-05-22 23:08:21
brother,US,Smart TV,0,,,play,,2020-05-18 02:08:37
brother,US,Smart TV,0,,,select,,2020-05-18 02:08:35
brother,US,Smart TV,0,th,,play,,2020-05-18 02:06:52
brother,US,Smart TV,0,th,,select,,2020-05-18 02:06:49
brother,US,Smart TV,0,ange,Olympus Has Fallen,play,,2020-05-18 01:46:52
brother,US,Smart TV,0,ange,Olympus Has Fallen,select,,2020-05-18 01:46:50
brother,US,Smart TV,0,ange,Angel Has Fallen,play,,2020-05-18 01:46:42
brother,US,Smart TV,0,ange,Angel Has Fallen,select,,2020-05-18 01:46:39
brother,US,iPhone,0,planet,"Absurd Planet: Season 1: ""Strangest Things""",play,,2020-05-17 04:11:55
brother,US,iPhone,0,planet,,select,,2020-05-17 04:11:37
brother,US,iPhone,0,planet,,select,,2020-05-17 04:11:22
brother,US,iPhone,0,planet,"Our Planet: ""One Planet""",play,,2020-05-17 02:45:52
brother,US,iPhone,0,planet,"Our Planet: ""One Planet""",play,,2020-05-17 02:41:29
brother,US,iPhone,0,planet,,select,,2020-05-17 02:37:09
brother,US,Smart TV,0,sa,,play,,2020-05-16 13:20:30
brother,US,Smart TV,0,sa,,select,,2020-05-16 13:19:58
brother,US,Smart TV,0,m,,play,,2020-05-13 22:08:27
brother,US,Smart TV,0,m,,select,,2020-05-13 22:08:25
brother,US,Smart TV,0,broo,,play,,2020-05-13 01:13:40
brother,US,Smart TV,0,broo,,play,,2020-05-13 01:04:42
brother,US,Smart TV,0,broo,,play,,2020-05-13 00:56:26
brother,US,Smart TV,0,broo,,select,,2020-05-13 00:56:23
brother,US,Smart TV,0,broo,,select,,2020-05-13 00:54:53
brother,US,Smart TV,0,bl,,play,,2020-05-13 00:35:37
brother,US,Smart TV,0,bl,,select,,2020-05-13 00:35:35
brother,US,Smart TV,0,a s,,play,,2020-05-13 00:33:41
brother,US,Smart TV,0,a s,,select,,2020-05-13 00:33:39
brother,US,Smart TV,0,bla,Black Panther,select,,2020-05-12 00:50:02
brother,US,Xbox_One_S,0,m,,play,,2020-05-10 17:19:44
brother,US,Xbox_One_S,0,m,,select,,2020-05-10 17:19:42
brother,US,Xbox_One_S,0,mic,Becoming,play,,2020-05-09 00:09:23
brother,US,Xbox_One_S,0,mic,Becoming,select,,2020-05-09 00:09:21
brother,US,Xbox_One_S,0,bras,Operações Especiais,play,,
brother,US,Xbox_One_S,0,bras,The Edge of Democracy,play,,
brother,US,Xbox_One_S,0,bras,Airplane Mode,play,,
brother,US,Xbox_One_S,0,bras,Nothing to Lose,play,,
brother,US,Xbox_One_S,0,na,,play,,
brother,US,Xbox_One_S,0,tiger,,select,,
brother,US,Xbox_One_S,0,,,play,,
brother,US,Xbox_One_S,0,pa,Parasite,select,,
brother,US,HTML 5,0,dear,Dear John,select,,
brother,US,Xbox_One_S,0,bras,,select,,
brother,US,Xbox_One_S,0,bras,Operações Especiais,select,,
brother,US,Xbox_One_S,0,bras,The Edge of Democracy,select,,
brother,US,Xbox_One_S,0,bras,Airplane Mode,select,,
brother,US,Xbox_One_S,0,bras,Rich in Love,select,,
brother,US,Xbox_One_S,0,bras,Nothing to Lose,select,,
brother,US,Xbox_One_S,0,el,,select,,
brother,US,iPhone,0,elite,,select,,
brother,US,iPhone,0,elite,,select,,
brother,US,Xbox_One_S,0,tiger,,play,,
brother,US,Xbox_One_S,0,tiger,,play,,
brother,US,Xbox_One_S,0,f,,play,,
brother,US,Xbox_One_S,0,f,,play,,
brother,US,iPhone,0,eli,,select,,
brother,US,Xbox_One_S,0,na,,select,,
brother,US,iPhone,0,eli,"Elite: Season 1: ""Welcome""",play,,
brother,US,Xbox_One_S,0,ti,,play,,
brother,US,Xbox_One_S,0,p,,select,,
brother,US,Xbox_One_S,0,ai,Russell Madness,play,,
brother,US,Xbox_One_S,0,ai,The Adventures of Sharkboy and Lavagirl,play,,
brother,US,iPhone,0,the of,,select,,
brother,US,Xbox_One_S,0,f1,,select,,
brother,US,Xbox_One_S,0,,,select,,
brother,US,Xbox_One_S,0,,,select,,
brother,US,Xbox_One_S,0,fy,FYRE: The Greatest Party That Never Happened,select,,
brother,US,Xbox_One_S,0,mi,,play,,
brother,US,Xbox_One_S,0,el,,play,,
brother,US,Xbox_One_S,0,el,,play,,
brother,US,iPhone,0,the of,"The Office (U.S.): Season 9: ""A.A.R.M""",play,,
brother,US,Xbox_One_S,0,herc,Hercules,select,,
brother,US,Xbox_One_S,0,atl,,select,,
brother,US,Xbox_One_S,0,,,select,,
brother,US,Xbox_One_S,0,,,select,,
brother,US,Xbox_One_S,0,room,Room,select,,
brother,US,Xbox_One_S,0,,,select,,
brother,US,Xbox_One_S,0,,,select,,
brother,US,Xbox_One_S,0,,,select,,
brother,US,Xbox_One_S,0,,Screwball,select,,
brother,US,Xbox_One_S,0,,The Legend of 420,select,,
brother,US,Xbox_One_S,0,,Growing Up Wild,select,,
brother,US,Xbox_One_S,0,,NOVA: Day the Dinosaurs Died,select,,
brother,US,Xbox_One_S,0,sha,47 Metres Down,select,,
brother,US,Xbox_One_S,0,sha,Shark,select,,
brother,US,Xbox_One_S,0,sha,Mission Blue,select,,
brother,US,Xbox_One_S,0,sha,,select,,
brother,US,iPhone,0,her,,select,,
brother,US,Xbox_One_S,0,f,,select,,
brother,US,Xbox_One_S,0,p,,select,,
brother,US,Xbox_One_S,0,ai,Air Bud,select,,
brother,US,Xbox_One_S,0,ai,Russell Madness,select,,
brother,US,Xbox_One_S,0,ai,The Adventures of Sharkboy and Lavagirl,select,,
brother,US,Xbox_One_S,0,ai,Air Bud,select,,
brother,US,Xbox_One_S,0,ai,Air Bud,select,,
brother,US,Xbox_One_S,0,room,Room,play,,
brother,US,Xbox_One_S,0,,,play,,
brother,US,Xbox_One_S,0,,,play,,
brother,US,Xbox_One_S,0,,Screwball,play,,
brother,US,Xbox_One_S,0,,The Legend of 420,play,,
brother,US,Xbox_One_S,0,,Growing Up Wild,play,,
brother,US,Xbox_One_S,0,,NOVA: Day the Dinosaurs Died,play,,
brother,US,Xbox_One_S,0,sha,47 Metres Down,play,,
brother,US,Xbox_One_S,0,sha,Mission Blue,play,,
brother,US,Xbox_One_S,0,sha,,play,,
brother,US,iPhone,0,her,"Killer Inside: The Mind of Aaron Hernandez: Limited Series: ""Episode 1""",play,,
brother,US,Xbox_One_S,0,p,,play,,
brother,US,Xbox_One_S,0,mi,,select,,
brother,US,iPhone,0,lucifer,,select,,
brother,US,HTML 5,0,dear,Dear John,play,,
brother,US,Xbox_One_S,0,p,,play,,
brother,US,Xbox_One_S,0,p,,play,,
brother,US,iPhone,0,lucifer,"Lucifer: Season 4: ""Super Bad Boyfriend""",play,,
brother,US,iPhone,0,ted ,"Extremely Wicked, Shockingly Evil and Vile",select,,
brother,US,Xbox_One_S,0,,,play,,
brother,US,Xbox_One_S,0,,,play,,
brother,US,iPhone,0,elite,"Elite: Season 2: ""20 hours missing""",play,,
brother,US,iPhone,0,elite,"Elite: Season 2: ""20 hours missing""",play,,
brother,US,Xbox_One_S,0,f1,,play,,
brother,US,Xbox_One_S,0,ti,Tinker Bell and the Legend of the NeverBeast,select,,
brother,US,Xbox_One_S,0,ti,,select,,
sister,US,Smart TV,0,de,,select,title_results,2023-05-07 22:46:12
sister,US,Smart TV,0,nu,,play,title_results,2023-05-03 19:31:47
sister,US,Smart TV,0,nu,,select,title_results,2023-05-03 19:31:45
me,US,iPhone,0,de,,select,title_results,2023-10-20 04:05:15
me,US,iPhone,0,de,,select,title_results,2023-10-20 04:05:13
me,US,iPhone,0,pre,,select,title_results,2023-09-25 00:58:36
me,US,iPad,0,rea,"Love Island USA: Season 2: ""Episode 1""",play,title_results,2023-09-04 05:11:04
me,US,iPad,0,rea,,select,title_results,2023-09-04 05:11:01
me,US,iPhone,0,,,select,title_results,2023-08-31 22:27:39
me,US,Smart TV,0,ghost,,select,title_results,2023-08-13 23:21:50
me,US,Smart TV,0,,We Have a Ghost,play,suggestion_results,2023-08-13 23:21:29
me,US,Smart TV,0,,We Have a Ghost,select,suggestion_results,2023-08-13 23:21:26
me,US,Smart TV,0,,A League of Their Own,play,suggestion_results,2023-08-13 23:21:13
me,US,Smart TV,0,,A League of Their Own,select,suggestion_results,2023-08-13 23:21:11
me,US,Smart TV,0,,,select,suggestion_results,2023-08-13 23:20:31
me,US,Smart TV,0,robin,Bullet Train,select,suggestion_results,2023-08-13 23:20:12
me,US,Smart TV,0,robin,The Mule,play,suggestion_results,2023-08-13 23:19:51
me,US,Smart TV,0,robin,The Mule,select,suggestion_results,2023-08-13 23:19:49
me,US,Smart TV,0,robin,The Pink Panther,play,suggestion_results,2023-08-13 23:19:07
me,US,Smart TV,0,robin,The Pink Panther,select,suggestion_results,2023-08-13 23:19:05
me,US,Smart TV,0,robin,,select,suggestion_results,2023-08-13 23:18:44
me,US,Smart TV,0,,,play,prequery_results,2023-08-13 22:26:35
me,US,Smart TV,0,,,select,prequery_results,2023-08-13 22:26:33
me,US,Smart TV,0,,,play,prequery_results,2023-07-31 01:42:53
me,US,Smart TV,0,,,play,prequery_results,2023-07-31 01:21:20
me,US,Smart TV,0,,,select,prequery_results,2023-07-31 01:21:14
me,US,iPad,0,night,"The Night Agent: Season 1: ""The Marionette""",play,title_results,2023-07-19 04:58:09
me,US,iPad,0,night,,select,title_results,2023-07-19 04:57:54
me,US,iPad,0,night,,select,title_results,2023-07-19 04:57:41
me,US,HTML 5,0,black mirror,"Black Mirror: Season 6: ""Beyond the Sea""",play,title_results,2023-07-01 03:30:20
me,US,iPhone,0,inside ,Inside Man,select,title_results,2023-07-01 02:35:25
me,US,iPhone,0,inside ,,select,title_results,2023-07-01 02:35:12
me,US,iPhone,0,beef,,select,title_results,2023-06-08 03:42:47
me,US,Smart TV,0,i,Inception,play,title_results,2023-05-18 04:10:42
me,US,Smart TV,0,i,Inception,select,title_results,2023-05-18 04:10:40
me,US,Smart TV,0,,,select,suggestion_results,2023-05-09 05:18:32
me,US,iPhone,0,nurse,"The Nurse: Limited Series: ""Dream Team""",play,title_results,2023-05-05 16:27:28
me,US,iPhone,0,nurse,,select,title_results,2023-05-05 16:27:15
me,US,Smart TV,0,b,,play,title_results,2023-05-04 04:52:36
me,US,Smart TV,0,b,,play,title_results,2023-05-04 04:52:21
me,US,Smart TV,0,b,,select,title_results,2023-05-04 04:52:19
me,US,iPhone,0,space f,,select,title_results,2023-05-01 18:54:48
me,US,Smart TV,0,bla,,play,title_results,2023-04-28 06:18:20
me,US,Smart TV,0,bla,,select,title_results,2023-04-28 06:18:16
me,US,Smart TV,0,bla,,play,title_results,2023-04-28 05:14:38
me,US,Smart TV,0,bla,,play,title_results,2023-04-28 05:12:42
me,US,Smart TV,0,bla,,select,title_results,2023-04-28 05:12:40
me,US,Smart TV,0,alp,The Alpinist,play,title_results,2023-04-25 01:04:46
me,US,Smart TV,0,alp,The Alpinist,select,title_results,2023-04-25 01:04:44
me,US,Smart TV,0,mi,The Mitchells vs. The Machines,select,title_results,2023-04-19 05:33:10
me,US,Smart TV,0,mi,The Mitchells vs. The Machines,play,title_results,2023-04-19 05:32:59
me,US,Smart TV,0,mi,The Mitchells vs. The Machines,select,title_results,2023-04-19 05:32:57
me,US,Smart TV,0,indi,,select,title_results,2023-04-16 23:02:30
me,US,Smart TV,0,pu,The Pursuit of Happyness,play,title_results,2023-04-12 03:03:45
me,US,Smart TV,0,pu,The Pursuit of Happyness,play,title_results,2023-04-12 01:50:22
me,US,Smart TV,0,pu,The Pursuit of Happyness,select,title_results,2023-04-12 01:50:19
me,US,Smart TV,0,doc,Girl in the Picture,play,suggestion_results,2023-04-05 03:22:12
me,US,Smart TV,0,doc,Girl in the Picture,select,suggestion_results,2023-04-05 03:22:10
me,US,Smart TV,0,doc,,play,suggestion_results,2023-04-05 03:22:06
me,US,Smart TV,0,doc,,select,suggestion_results,2023-04-05 03:22:04
me,US,Smart TV,0,doc,American Murder: The Family Next Door,play,suggestion_results,2023-04-05 03:21:58
me,US,Smart TV,0,doc,American Murder: The Family Next Door,select,suggestion_results,2023-04-05 03:21:56
me,US,Smart TV,0,doc,,select,suggestion_results,2023-04-05 03:18:44
me,US,Smart TV,0,mu,Murder Mystery,play,title_results,2023-03-26 22:28:33
me,US,Smart TV,0,mu,Murder Mystery,select,title_results,2023-03-26 22:25:04
me,US,Smart TV,0,inside,Bo Burnham: Inside,play,title_results,2023-03-20 23:50:43
me,US,Smart TV,0,inside,Bo Burnham: Inside,play,title_results,2023-03-20 22:30:20
me,US,Smart TV,0,inside,Bo Burnham: Inside,select,title_results,2023-03-20 22:30:18
me,US,Smart TV,0,,,select,suggestion_results,2023-03-17 06:10:19
me,US,Smart TV,0,,,select,suggestion_results,2023-03-17 06:09:51
me,US,iPhone,0,shadow a,"Shadow and Bone: Season 1: ""We’re All Someone’s Monster""",play,title_results,2023-03-15 06:34:40
me,US,iPhone,0,shadow a,,select,title_results,2023-03-15 04:42:53
me,US,Smart TV,0,,,play,prequery_results,2023-03-10 00:16:03
me,US,Smart TV,0,,,select,prequery_results,2023-03-10 00:15:52
me,US,Smart TV,0,,,play,prequery_results,2023-03-10 00:14:50
me,US,Smart TV,0,,,play,prequery_results,2023-03-09 23:50:02
me,US,Smart TV,0,,,select,prequery_results,2023-03-09 23:50:00
me,US,Smart TV,0,sa,,select,title_results,2023-03-09 06:42:51
me,US,Smart TV,0,sa,,play,title_results,2023-03-09 06:41:36
me,US,Smart TV,0,sa,,select,title_results,2023-03-09 06:41:35
me,US,Smart TV,0,sa,,play,title_results,2023-03-09 05:42:04
me,US,Smart TV,0,sa,,play,title_results,2023-03-09 05:41:49
me,US,Smart TV,0,sa,,select,title_results,2023-03-09 05:41:47
me,US,Smart TV,0,y,,play,title_results,2023-03-08 02:11:02
me,US,Smart TV,0,y,,select,title_results,2023-03-08 02:10:59
me,US,iPhone,0,phy,"Physical: 100: Season 1: ""The Pecking Order""",play,title_results,2023-02-21 06:48:35
me,US,iPhone,0,phy,,select,title_results,2023-02-21 06:48:28
me,US,Smart TV,0,,The Willoughbys,play,prequery_results,2023-02-18 07:22:25
me,US,Smart TV,0,,The Willoughbys,select,prequery_results,2023-02-18 07:22:23
me,US,Smart TV,0,pu,Puss in Book: Trapped in an Epic Tale,select,suggestion_results,2023-02-18 07:20:59
me,US,Smart TV,0,pu,Puss in Boots,select,suggestion_results,2023-02-18 07:20:58
me,US,Smart TV,0,pu,Puss in Boots,select,suggestion_results,2023-02-18 07:20:58
me,US,Smart TV,0,pu,Puss in Book: Trapped in an Epic Tale,play,suggestion_results,2023-02-18 07:16:00
me,US,Smart TV,0,pu,Puss in Book: Trapped in an Epic Tale,select,suggestion_results,2023-02-18 07:15:58
me,US,Smart TV,0,pu,Puss in Boots,select,suggestion_results,2023-02-18 07:15:57
me,US,Smart TV,0,pu,Puss in Boots,select,suggestion_results,2023-02-18 07:15:57
me,US,iPhone,0,mit,The Mitchells vs. The Machines,play,title_results,2023-02-17 08:01:11
me,US,iPhone,0,mit,The Mitchells vs. The Machines,select,title_results,2023-02-17 08:01:08
me,US,iPhone,0,santa c,,select,title_results,2023-02-13 02:00:32
me,SG,iPhone,0,planet earth,David Attenborough: A Life on Our Planet,select,title_results,2023-02-05 07:42:05
me,US,Smart TV,0,,,play,suggestion_results,2023-02-02 05:31:00
me,US,Smart TV,0,,,select,suggestion_results,2023-02-02 05:30:58
me,US,Smart TV,0,,,select,suggestion_results,2023-02-02 05:30:56
me,US,Smart TV,0,,"Pamela, a love story",play,suggestion_results,2023-02-02 05:30:08
me,US,Smart TV,0,,"Pamela, a love story",select,suggestion_results,2023-02-02 05:30:06
me,US,Smart TV,0,,,select,suggestion_results,2023-02-02 05:30:06
me,US,iPad,0,santa clara ,,select,title_results,2023-02-02 03:54:03
me,US,Smart TV,0,se,,play,title_results,2023-01-31 06:12:50
me,US,Smart TV,0,se,,play,title_results,2023-01-31 06:12:50
me,US,Smart TV,0,se,,select,title_results,2023-01-31 06:11:17
me,US,Smart TV,0,se,,select,title_results,2023-01-31 06:11:17
me,US,Smart TV,0,s,,play,title_results,2023-01-31 06:10:49
me,US,Smart TV,0,s,,play,title_results,2023-01-31 06:10:49
me,US,Smart TV,0,s,,select,title_results,2023-01-31 06:10:47
me,US,Smart TV,0,s,,select,title_results,2023-01-31 06:10:47
me,US,Smart TV,0,lead ,Lead Me Home,play,title_results,2023-01-30 03:53:53
me,US,Smart TV,0,lead ,Lead Me Home,play,title_results,2023-01-30 03:53:53
me,US,Smart TV,0,lead ,Lead Me Home,select,title_results,2023-01-30 03:53:51
me,US,Smart TV,0,lead ,Lead Me Home,select,title_results,2023-01-30 03:53:51
me,US,Smart TV,0,,You People,select,prequery_results,2023-01-29 02:26:54
me,US,Smart TV,0,,You People,play,prequery_results,2023-01-29 02:20:52
me,US,Smart TV,0,,You People,select,prequery_results,2023-01-29 02:20:50
me,US,Smart TV,0,lead,Lead Me Home,play,title_results,2023-01-29 02:18:47
me,US,Smart TV,0,lead,Lead Me Home,play,title_results,2023-01-29 02:18:47
me,US,Smart TV,0,lead,Lead Me Home,select,title_results,2023-01-29 02:18:45
me,US,Smart TV,0,lead,Lead Me Home,select,title_results,2023-01-29 02:18:45
me,US,Smart TV,0,nature do,Fantastic Fungi,play,suggestion_results,2023-01-25 05:14:24
me,US,Smart TV,0,nature do,Fantastic Fungi,select,suggestion_results,2023-01-25 05:14:23
me,US,Smart TV,0,nature do,David Attenborough: A Life on Our Planet,select,suggestion_results,2023-01-25 05:14:18
me,US,Smart TV,0,nature do,,select,suggestion_results,2023-01-25 05:14:17
me,US,Smart TV,0,nature do,,select,suggestion_results,2023-01-25 05:14:17
me,US,Smart TV,0,na,,select,suggestion_results,2023-01-25 05:13:48
me,US,Smart TV,0,na,,select,suggestion_results,2023-01-25 05:13:34
me,US,Smart TV,0,na,Dancing with the Birds,select,suggestion_results,2023-01-25 05:12:27
me,US,Smart TV,0,na,Fantastic Fungi,play,suggestion_results,2023-01-25 05:12:23
me,US,Smart TV,0,na,Fantastic Fungi,select,suggestion_results,2023-01-25 05:12:22
me,US,Smart TV,0,na,David Attenborough: A Life on Our Planet,play,suggestion_results,2023-01-25 05:11:58
me,US,Smart TV,0,na,David Attenborough: A Life on Our Planet,select,suggestion_results,2023-01-25 05:11:56
me,US,Smart TV,0,na,,select,suggestion_results,2023-01-25 05:11:48
me,US,Smart TV,0,na,,play,suggestion_results,2023-01-25 05:11:30
me,US,Smart TV,0,na,,select,suggestion_results,2023-01-25 05:11:28
me,US,Smart TV,0,na,The Pez Outlaw,play,suggestion_results,2023-01-25 05:11:20
me,US,Smart TV,0,na,The Pez Outlaw,select,suggestion_results,2023-01-25 05:11:18
me,US,Smart TV,0,na,,select,suggestion_results,2023-01-25 05:11:14
me,US,Smart TV,0,na,,select,suggestion_results,2023-01-25 05:11:10
me,US,Smart TV,0,na,,play,suggestion_results,2023-01-25 05:11:06
me,US,Smart TV,0,na,,select,suggestion_results,2023-01-25 05:11:04
me,US,Smart TV,0,na,,select,suggestion_results,2023-01-25 05:11:01
me,US,Smart TV,0,na,,select,suggestion_results,2023-01-25 05:11:01
me,MX,iPad,0,,,select,prequery_results,2023-01-22 18:46:22
me,US,iPad,0,,,select,prequery_results,2023-01-14 07:31:46
me,US,iPad,0,,Glass Onion: A Knives Out Mystery,select,prequery_results,2023-01-14 07:31:40
me,US,iPad,0,,,select,prequery_results,2023-01-14 07:29:34
me,US,Smart TV,0,ka,Kaleidoscope Party Light Show,select,suggestion_results,2023-01-10 05:27:53
me,US,Smart TV,0,ka,Kaleidoscope Party Light Show,select,suggestion_results,2023-01-10 05:27:53
me,US,Smart TV,0,ka,,play,suggestion_results,2023-01-10 05:21:20
me,US,Smart TV,0,ka,,select,suggestion_results,2023-01-10 05:21:17
me,US,Smart TV,0,ka,Kaleidoscope Party Light Show,select,suggestion_results,2023-01-10 05:21:16
me,US,Smart TV,0,ka,Kaleidoscope Party Light Show,select,suggestion_results,2023-01-10 05:21:16
me,US,Smart TV,0,,The Sea Beast,play,suggestion_results,2023-01-08 06:02:25
me,US,Smart TV,0,,The Sea Beast,select,suggestion_results,2023-01-08 06:02:22
me,US,Smart TV,0,,,select,suggestion_results,2023-01-08 06:02:06
me,US,Smart TV,0,,,select,suggestion_results,2023-01-08 05:59:01
me,US,Smart TV,0,ins,,play,title_results,2023-01-03 22:29:23
me,US,Smart TV,0,ins,,play,title_results,2023-01-03 22:29:23
me,US,Smart TV,0,ins,,select,title_results,2023-01-03 22:29:15
me,US,Smart TV,0,ins,,select,title_results,2023-01-03 22:29:15
me,US,Smart TV,0,ins,,play,title_results,2023-01-01 00:52:38
me,US,Smart TV,0,ins,,play,title_results,2023-01-01 00:52:38
me,US,Smart TV,0,ins,,select,title_results,2023-01-01 00:52:35
me,US,Smart TV,0,ins,,select,title_results,2023-01-01 00:52:35
me,BH,iPad,0,rick,,select,title_results,2022-12-29 21:46:49
me,SA,Xbox One,0,,,select,suggestion_results,2022-12-27 19:45:08
me,SA,Xbox One,0,,The Gray Man,play,prequery_results,2022-12-17 18:40:40
me,SA,Xbox One,0,,The Gray Man,select,prequery_results,2022-12-17 18:40:37
me,SA,Xbox One,0,the g,The Gray Man,select,title_results,2022-12-17 18:30:47
me,SA,Xbox One,0,the g,The Gray Man,select,title_results,2022-12-17 18:30:47
me,SA,Xbox One,0,the g,The Gray Man,select,title_results,2022-12-17 18:30:44
me,SA,Xbox One,0,the g,The Gray Man,select,title_results,2022-12-17 18:30:44
me,SA,Xbox One,0,the g,The Guilty,select,title_results,2022-12-17 18:29:20
me,SA,Xbox One,0,the g,The Guilty,select,title_results,2022-12-17 18:29:20
me,SA,Xbox One,0,tom,Tom and Jerry: The Movie,select,title_results,2022-12-17 18:15:22
me,SA,Xbox One,0,tom,Tom and Jerry: The Movie,select,title_results,2022-12-17 18:15:22
me,SA,Xbox One,0,tom,Tom and Jerry,play,title_results,2022-12-17 18:15:09
me,SA,Xbox One,0,tom,Tom and Jerry,play,title_results,2022-12-17 18:15:09
me,SA,Xbox One,0,tom,Tom and Jerry,select,title_results,2022-12-17 18:15:04
me,SA,Xbox One,0,tom,Tom and Jerry,select,title_results,2022-12-17 18:15:04
me,US,iPad,0,you,,select,title_results,2022-12-14 21:34:09
me,US,iPhone,0,the good place,,select,title_results,2022-12-14 02:59:06
me,US,iPad,0,how,How to Lose a Guy in 10 Days,play,title_results,2022-12-12 04:29:37
me,US,iPad,0,how,How to Lose a Guy in 10 Days,select,title_results,2022-12-12 04:29:34
me,US,iPhone,0,ney,"Neymar: The Perfect Chaos: Limited Series: ""The Great Brazilian Promise""",play,title_results,2022-12-09 05:45:22
me,US,iPhone,0,ney,,select,title_results,2022-12-09 05:45:14
me,US,Smart TV,0,harr,,play,title_results,2022-12-09 02:58:25
me,US,Smart TV,0,harr,,play,title_results,2022-12-09 02:58:25
me,US,Smart TV,0,harr,,select,title_results,2022-12-09 02:58:23
me,US,Smart TV,0,harr,,select,title_results,2022-12-09 02:58:23
me,US,iPhone,0,harry ,,select,title_results,2022-12-08 18:40:14
me,US,Smart TV,0,the gu,The Guilty,play,title_results,2022-12-03 07:22:16
me,US,Smart TV,0,the gu,The Guilty,play,title_results,2022-12-03 07:22:16
me,US,Smart TV,0,the gu,The Guilty,select,title_results,2022-12-03 07:22:14
me,US,Smart TV,0,the gu,The Guilty,select,title_results,2022-12-03 07:22:14
me,US,Smart TV,0,mit,The Mitchells vs. The Machines,play,title_results,2022-11-25 06:15:20
me,US,Smart TV,0,mit,The Mitchells vs. The Machines,play,title_results,2022-11-25 06:15:20
me,US,Smart TV,0,mit,The Mitchells vs. The Machines,select,title_results,2022-11-25 06:15:17
me,US,Smart TV,0,mit,The Mitchells vs. The Machines,select,title_results,2022-11-25 06:15:17
me,US,iPhone,0,,Entergalactic,select,prequery_results,2022-10-24 07:27:07
me,US,iPhone,0,hyp,,select,title_results,2022-10-19 06:07:32
me,US,iPhone,0,hyp,"Hype House: Season 1: ""Clique Bait""",play,title_results,2022-10-19 05:59:03
me,US,iPhone,0,hyp,"Hype House: Season 1: ""Clique Bait""",play,title_results,2022-10-19 05:53:46
me,US,iPhone,0,hyp,,select,title_results,2022-10-19 05:53:28
me,US,Smart TV,0,,Entergalactic,add,prequery_results,2022-10-10 22:21:20
me,US,Smart TV,0,,Entergalactic,play,prequery_results,2022-10-10 22:19:41
me,US,Smart TV,0,,Entergalactic,select,prequery_results,2022-10-10 22:19:39
me,US,Smart TV,0,parano,,play,title_results,2022-10-10 01:51:08
me,US,Smart TV,0,parano,,play,title_results,2022-10-10 01:51:08
me,US,Smart TV,0,parano,,select,title_results,2022-10-10 01:51:05
me,US,Smart TV,0,parano,,select,title_results,2022-10-10 01:51:05
me,US,iPad,0,bee and ,,select,title_results,2022-09-11 23:05:29
me,US,Smart TV,0,midn,,play,title_results,2022-09-10 05:54:34
me,US,Smart TV,0,midn,,play,title_results,2022-09-10 05:54:34
me,US,Smart TV,0,midn,,select,title_results,2022-09-10 05:54:31
me,US,Smart TV,0,midn,,select,title_results,2022-09-10 05:54:31
me,US,Smart TV,0,midn,,play,title_results,2022-09-10 05:54:04
me,US,Smart TV,0,midn,,play,title_results,2022-09-10 05:54:04
me,US,Smart TV,0,midn,,select,title_results,2022-09-10 05:54:01
me,US,Smart TV,0,midn,,select,title_results,2022-09-10 05:54:01
me,US,Smart TV,0,the we,The Weekend Away,play,title_results,2022-09-07 02:26:50
me,US,Smart TV,0,the we,The Weekend Away,play,title_results,2022-09-07 02:26:50
me,US,Smart TV,0,the we,The Weekend Away,select,title_results,2022-09-07 02:26:48
me,US,Smart TV,0,the we,The Weekend Away,select,title_results,2022-09-07 02:26:48
me,US,Smart TV,0,,,select,suggestion_results,2022-09-03 01:52:41
me,US,Smart TV,0,macafee,,select,title_results,2022-08-27 20:54:09
me,US,Smart TV,0,macafee,,select,title_results,2022-08-27 20:54:09
me,US,Smart TV,0,mant,,play,title_results,2022-08-27 02:28:41
me,US,Smart TV,0,mant,,play,title_results,2022-08-27 02:28:41
me,US,Smart TV,0,mant,,select,title_results,2022-08-27 02:28:39
me,US,Smart TV,0,mant,,select,title_results,2022-08-27 02:28:39
me,US,Smart TV,0,manti,,play,title_results,2022-08-27 02:26:25
me,US,Smart TV,0,manti,,play,title_results,2022-08-27 02:26:25
me,US,Smart TV,0,manti,,select,title_results,2022-08-27 02:26:23
me,US,Smart TV,0,manti,,select,title_results,2022-08-27 02:26:23
me,US,Smart TV,0,red,Red Notice,play,title_results,2022-08-22 01:37:34
me,US,Smart TV,0,red,Red Notice,play,title_results,2022-08-22 01:37:34
me,US,Smart TV,0,red,Red Notice,select,title_results,2022-08-22 00:42:01
me,US,Smart TV,0,red,Red Notice,select,title_results,2022-08-22 00:42:01
me,US,Smart TV,0,fra,Fractured,play,title_results,2022-08-20 02:34:00
me,US,Smart TV,0,fra,Fractured,play,title_results,2022-08-20 02:34:00
me,US,Smart TV,0,fra,Fractured,select,title_results,2022-08-20 02:33:57
me,US,Smart TV,0,fra,Fractured,select,title_results,2022-08-20 02:33:57
me,US,Smart TV,0,gre,The Gray Man,play,title_results,2022-08-16 04:23:09
me,US,Smart TV,0,gre,The Gray Man,play,title_results,2022-08-16 04:23:09
me,US,Smart TV,0,gre,The Gray Man,select,title_results,2022-08-16 04:23:06
me,US,Smart TV,0,gre,The Gray Man,select,title_results,2022-08-16 04:23:06
me,US,Smart TV,0,love,,play,title_results,2022-08-10 04:30:37
me,US,Smart TV,0,love,,play,title_results,2022-08-09 06:21:15
me,US,Smart TV,0,love,,play,title_results,2022-08-09 06:21:15
me,US,Smart TV,0,love,,select,title_results,2022-08-09 06:20:58
me,US,Smart TV,0,love,,select,title_results,2022-08-09 06:20:58
me,US,Smart TV,0,pre,Prey,play,title_results,2022-08-07 21:03:38
me,US,Smart TV,0,pre,Prey,play,title_results,2022-08-07 21:03:38
me,US,Smart TV,0,pre,Prey,select,title_results,2022-08-07 21:03:36
me,US,Smart TV,0,pre,Prey,select,title_results,2022-08-07 21:03:36
me,US,iPhone,0,modern love,,select,title_results,2022-07-26 05:10:15
me,US,iPhone,0,,,select,prequery_results,2022-07-18 06:26:56
me,US,Smart TV,0,,The Mitchells vs. The Machines,play,prequery_results,2022-07-15 02:57:12
me,US,Smart TV,0,,The Mitchells vs. The Machines,select,prequery_results,2022-07-15 02:57:09
me,US,iPad,0,ozark,"Ozark: Season 1: ""Nest Box""",play,title_results,2022-07-14 23:42:21
me,US,iPad,0,ozark,"Ozark: Season 2: ""Outer Darkness""",play,title_results,2022-07-14 23:41:14
me,US,iPad,0,ozark,,select,title_results,2022-07-14 23:37:35
me,US,iPhone,0,ozark,,select,title_results,2022-07-14 23:34:40
me,US,Smart TV,0,shado,,play,title_results,2022-07-14 06:20:45
me,US,Smart TV,0,shado,,play,title_results,2022-07-14 06:20:45
me,US,Smart TV,0,shado,,select,title_results,2022-07-14 06:20:43
me,US,Smart TV,0,shado,,select,title_results,2022-07-14 06:20:43
me,US,Smart TV,0,shado,,play,title_results,2022-07-14 06:20:21
me,US,Smart TV,0,shado,,play,title_results,2022-07-14 06:20:21
me,US,Smart TV,0,shado,,select,title_results,2022-07-14 06:20:18
me,US,Smart TV,0,shado,,select,title_results,2022-07-14 06:20:18
me,US,Smart TV,0,shado,,select,title_results,2022-07-14 06:17:35
me,US,Smart TV,0,shado,,select,title_results,2022-07-14 06:17:35
me,US,Smart TV,0,ki,,play,title_results,2022-07-14 06:14:20
me,US,Smart TV,0,ki,,play,title_results,2022-07-14 06:14:20
me,US,Smart TV,0,ki,,select,title_results,2022-07-14 06:14:18
me,US,Smart TV,0,ki,,select,title_results,2022-07-14 06:14:18
me,US,iPhone,0,arcane,,select,title_results,2022-07-14 06:12:56
me,US,Smart TV,0,a mon,A Monster Calls,play,title_results,2022-07-14 04:03:39
me,US,Smart TV,0,a mon,A Monster Calls,play,title_results,2022-07-14 04:03:39
me,US,Smart TV,0,a mon,A Monster Calls,select,title_results,2022-07-14 04:03:38
me,US,Smart TV,0,a mon,A Monster Calls,select,title_results,2022-07-14 04:03:38
me,US,Smart TV,0,ok,Okja,select,title_results,2022-07-14 03:56:00
me,US,Smart TV,0,ok,Okja,select,title_results,2022-07-14 03:56:00
me,US,Smart TV,0,,,select,suggestion_results,2022-07-04 03:13:31
me,US,Smart TV,0,crim,Why Did You Kill Me?,play,suggestion_results,2022-06-30 02:51:30
me,US,Smart TV,0,crim,Why Did You Kill Me?,select,suggestion_results,2022-06-30 02:51:29
me,US,Smart TV,0,crim,,play,suggestion_results,2022-06-30 02:51:22
me,US,Smart TV,0,crim,,select,suggestion_results,2022-06-30 02:51:20
me,US,Smart TV,0,crim,,play,suggestion_results,2022-06-30 02:51:01
me,US,Smart TV,0,crim,,select,suggestion_results,2022-06-30 02:50:59
me,US,Smart TV,0,crim,Why Did You Kill Me?,play,suggestion_results,2022-06-30 02:50:42
me,US,Smart TV,0,crim,Why Did You Kill Me?,select,suggestion_results,2022-06-30 02:50:40
me,US,Smart TV,0,crim,,select,suggestion_results,2022-06-30 02:50:36
me,US,Smart TV,0,crim,,select,suggestion_results,2022-06-30 02:50:36
me,US,Smart TV,0,mi,Penguins of Madagascar: The Movie,play,suggestion_results,2022-06-26 03:34:31
me,US,Smart TV,0,mi,Penguins of Madagascar: The Movie,play,suggestion_results,2022-06-26 02:39:04
me,US,Smart TV,0,mi,Penguins of Madagascar: The Movie,select,suggestion_results,2022-06-26 02:39:03
me,US,Smart TV,0,mi,Minions,select,suggestion_results,2022-06-26 02:39:01
me,US,Smart TV,0,the pu,,play,title_results,2022-06-24 21:53:25
me,US,Smart TV,0,the pu,,select,title_results,2022-06-24 21:53:23
me,US,Smart TV,0,the gi,The Gift,play,title_results,2022-06-22 03:57:06
me,US,Smart TV,0,the gi,The Gift,select,title_results,2022-06-22 03:57:04
me,US,Smart TV,0,the gi,The Gift,play,title_results,2022-06-22 03:52:20
me,US,Smart TV,0,the gi,The Gift,select,title_results,2022-06-22 03:52:18
me,US,Smart TV,0,bad,,play,title_results,2022-06-20 01:45:40
me,US,Smart TV,0,bad,,select,title_results,2022-06-20 01:45:32
me,US,Smart TV,0,the gi,The Gift,play,suggestion_results,2022-06-20 01:45:07
me,US,Smart TV,0,the gi,The Gift,select,suggestion_results,2022-06-20 01:45:06
me,US,Smart TV,0,the gi,The Gift,select,suggestion_results,2022-06-20 01:45:05
me,US,Smart TV,0,the ga,The Gift,play,title_results,2022-06-19 04:22:48
me,US,Smart TV,0,the ga,The Gift,select,title_results,2022-06-19 04:22:47
me,US,Smart TV,0,the ga,The Gift,play,title_results,2022-06-19 04:22:22
me,US,Smart TV,0,the ga,The Gift,select,title_results,2022-06-19 04:22:20
me,US,Smart TV,0,the ga,The Game Changers,play,title_results,2022-06-19 04:22:06
me,US,Smart TV,0,the ga,The Game Changers,select,title_results,2022-06-19 04:22:04
me,US,Smart TV,0,,,play,prequery_results,2022-06-19 04:20:49
me,US,Smart TV,0,,,select,prequery_results,2022-06-19 04:20:48
me,US,Smart TV,0,,The Devil All The Time,play,prequery_results,2022-06-19 04:20:19
me,US,Smart TV,0,,The Devil All The Time,select,prequery_results,2022-06-19 04:20:17
me,US,Smart TV,0,adam,,select,suggestion_results,2022-06-19 04:19:32
me,US,Smart TV,0,adam,,select,suggestion_results,2022-06-19 04:19:29
me,US,Smart TV,0,adam,When We First Met,select,suggestion_results,2022-06-19 04:19:11
me,US,Smart TV,0,adam,When We First Met,play,suggestion_results,2022-06-19 04:19:07
me,US,Smart TV,0,adam,When We First Met,select,suggestion_results,2022-06-19 04:19:04
me,US,Smart TV,0,adam,,select,suggestion_results,2022-06-19 04:18:42
me,US,Smart TV,0,mast,,play,title_results,2022-06-19 02:57:05
me,US,Smart TV,0,mast,,select,title_results,2022-06-19 02:57:03
me,US,Smart TV,0,first th,First They Killed My Father,play,title_results,2022-06-19 02:47:42
me,US,Smart TV,0,first th,First They Killed My Father,select,title_results,2022-06-19 02:47:40
me,US,Smart TV,0,,,play,prequery_results,2022-05-29 23:06:41
me,US,Smart TV,0,,,select,prequery_results,2022-05-29 23:06:37
me,US,iPad,0,worst ,"Worst Roommate Ever: Season 1: ""Marathon Man""",play,title_results,2022-05-29 23:04:32
me,US,iPad,0,worst ,,select,title_results,2022-05-29 23:04:25
me,US,iPad,0,worst,"Worst Roommate Ever: Season 1: ""Marathon Man""",play,title_results,2022-05-29 23:01:19
me,US,iPad,0,worst,,select,title_results,2022-05-29 23:00:29
me,US,iPhone,0,american,Not Another Teen Movie,select,title_results,2022-05-29 21:52:59
me,US,iPhone,0,american,American Murder: The Family Next Door,select,title_results,2022-05-29 21:51:21
me,US,iPhone,0,national ,,select,title_results,2022-04-30 22:03:46
me,US,iPad,0,nation,,select,title_results,2022-04-30 21:42:27
me,US,iPhone,0,planet earth,"Animal: Season 1: ""Big Cats""",play,title_results,2022-04-14 05:10:10
me,US,iPhone,0,planet earth,,select,title_results,2022-04-14 05:10:04
me,US,iPhone,0,planet earth,"Our Planet: ""One Planet""",play,title_results,2022-04-14 05:06:21
me,US,iPhone,0,planet earth,,select,title_results,2022-04-14 05:06:15
me,US,iPhone,0,planet earth,David Attenborough: A Life on Our Planet,select,title_results,2022-04-14 05:06:09
me,US,iPhone,0,planet earth,,select,title_results,2022-04-14 05:06:00
me,US,iPhone,0,earth,,select,title_results,2022-04-14 05:05:33
me,US,iPhone,0,earth,"Our Planet: ""Jungles""",play,title_results,2022-04-14 05:04:19
me,US,iPhone,0,earth,,select,title_results,2022-04-14 05:04:15
me,US,Smart TV,0,t,The Tinder Swindler,play,title_results,2022-04-05 02:10:22
me,US,Smart TV,0,t,The Tinder Swindler,select,title_results,2022-04-05 02:10:19
me,US,Smart TV,0,o,,play,title_results,2022-04-03 19:57:08
me,US,Smart TV,0,o,,play,title_results,2022-04-03 02:25:26
me,US,Smart TV,0,o,,select,title_results,2022-04-03 02:10:49
me,MX,iPhone,0,oxarm,,select,title_results,2022-04-02 01:35:18
me,MX,iPhone,0,murder ,Murder by the Coast,select,title_results,2022-04-01 23:59:47
me,MX,iPhone,0,documentary,Murder by the Coast,select,suggestion_results,2022-04-01 23:58:46
me,MX,iPhone,0,documentary,,select,suggestion_results,2022-04-01 23:58:38
me,MX,iPhone,0,documentary,,select,title_results,2022-04-01 23:58:35
me,US,Smart TV,0,chris ,American Murder: The Family Next Door,play,title_results,2022-03-01 05:07:03
me,US,Smart TV,0,chris ,American Murder: The Family Next Door,play,title_results,2022-03-01 03:39:28
me,US,Smart TV,0,chris ,American Murder: The Family Next Door,select,title_results,2022-03-01 03:39:26
me,US,Smart TV,0,,,select,suggestion_results,2022-03-01 03:38:15
me,US,iPhone,0,hyp,,select,title_results,2022-01-26 01:49:27
me,US,iPhone,0,,,select,prequery_results,2022-01-14 01:48:12
me,US,iPhone,0,hype,"Hype House: Season 1: ""Alex and The Terrible, Horrible, No Good, Very Bad Week""",play,title_results,2022-01-08 15:06:19
me,US,iPhone,0,hype,"Hype House: Season 1: ""A Hype House Divided""",play,title_results,2022-01-08 05:49:26
me,US,iPhone,0,hype,,select,title_results,2022-01-08 05:49:22
dad,US,Smart TV,0,mh,,play,title_results,2023-08-03 02:47:38
dad,US,Smart TV,0,mh,,play,title_results,2023-08-03 02:39:16
dad,US,Smart TV,0,mh,,play,title_results,2023-08-03 01:54:00
dad,US,Smart TV,0,mh,,select,title_results,2023-08-03 01:53:58
dad,US,Smart TV,0,mh,Downfall: The Case Against Boeing,play,title_results,2023-08-03 01:52:29
dad,US,Smart TV,0,mh,Downfall: The Case Against Boeing,select,title_results,2023-08-03 01:52:27
dad,US,Smart TV,0,mh,,play,title_results,2023-08-03 01:52:04
dad,US,Smart TV,0,mh,,select,title_results,2023-08-03 01:52:01
dad,SA,Smart TV,0,bro,The Last Kingdom: Seven Kings Must Die,play,suggestion_results,2023-04-19 18:55:25
dad,SA,Smart TV,0,bro,The Last Kingdom: Seven Kings Must Die,select,suggestion_results,2023-04-19 18:55:19
dad,SA,Smart TV,0,bro,,select,suggestion_results,2023-04-19 18:55:09
dad,SA,Smart TV,0,prett,Pretty Baby,select,suggestion_results,2023-04-19 18:54:21
dad,SA,Xbox One,0,dog,Dog Gone,select,suggestion_results,2023-01-20 19:22:02
dad,SA,Xbox One,0,dog,Dog,select,suggestion_results,2023-01-20 19:22:01
dad,SA,Xbox One,0,dog,Dog,select,suggestion_results,2023-01-20 19:22:01
dad,SA,Xbox One,0,dog,Dog,select,suggestion_results,2023-01-20 19:21:58
dad,SA,Xbox One,0,dog,Dog,select,suggestion_results,2023-01-20 19:21:58
dad,SA,Xbox One,0,dog,Dog,select,suggestion_results,2023-01-20 19:21:51
dad,SA,Xbox One,0,dog,Dog,select,suggestion_results,2023-01-20 19:21:51
dad,SA,Xbox One,0,dog,Dog Gone,play,suggestion_results,2023-01-20 18:59:55
dad,SA,Xbox One,0,dog,Dog Gone,select,suggestion_results,2023-01-20 18:58:57
dad,SA,Xbox One,0,dog,Dog,select,suggestion_results,2023-01-20 18:58:43
dad,SA,Xbox One,0,dog,Dog,select,suggestion_results,2023-01-20 18:58:43
dad,SA,Xbox One,0,jh,Johnny English Reborn,play,title_results,2022-09-15 17:11:25
dad,SA,Xbox One,0,jh,Johnny English Reborn,play,title_results,2022-09-15 17:11:25
dad,SA,Xbox One,0,jh,Johnny English Reborn,select,title_results,2022-09-15 17:11:18
dad,SA,Xbox One,0,jh,Johnny English Reborn,select,title_results,2022-09-15 17:11:18
dad,SA,Xbox One,0,music,Gaga: Five Foot Two,play,title_results,2022-06-24 18:04:49
dad,SA,Xbox One,0,music,Gaga: Five Foot Two,select,title_results,2022-06-24 18:04:48
dad,SA,Xbox One,0,hugh grant,Stepmom,play,title_results,2022-06-24 18:02:51
dad,SA,Xbox One,0,hugh grant,Stepmom,select,title_results,2022-06-24 18:02:48
dad,SA,Xbox One,0,hugh grant,28 Days,play,title_results,2022-06-24 18:02:15
dad,SA,Xbox One,0,hugh grant,28 Days,select,title_results,2022-06-24 18:02:13
dad,SA,Xbox One,0,hugh grant,Stepmom,play,title_results,2022-06-24 18:01:29
dad,SA,Xbox One,0,hugh grant,Stepmom,select,title_results,2022-06-24 18:01:25
dad,SA,Xbox One,0,hugh grant,,play,title_results,2022-06-24 17:53:17
dad,SA,Xbox One,0,hugh grant,,select,title_results,2022-06-24 17:53:14
dad,SA,Xbox One,0,,Tower Heist,play,suggestion_results,2022-06-02 16:58:57
dad,SA,Xbox One,0,,Tower Heist,select,suggestion_results,2022-06-02 16:58:54
dad,SA,Xbox One,0,,,select,suggestion_results,2022-06-02 16:57:31
dad,SA,Xbox One,0,ad,50 First Dates,play,suggestion_results,2022-05-19 16:27:18
dad,SA,Xbox One,0,ad,50 First Dates,select,suggestion_results,2022-05-19 16:27:15
dad,SA,Xbox One,0,ad,,select,suggestion_results,2022-05-19 16:27:02
dad,SA,Xbox One,0,we,West Side Story,select,suggestion_results,2022-05-19 16:23:35
dad,SA,Xbox One,0,k,King Richard,select,suggestion_results,2022-04-01 15:59:37
dad,SA,Xbox One,0,,Focus,play,suggestion_results,2022-03-25 17:53:48
dad,SA,Xbox One,0,,Focus,select,suggestion_results,2022-03-25 17:53:45
dad,SA,Xbox One,0,,,play,suggestion_results,2022-03-25 17:53:02
dad,SA,Xbox One,0,,,select,suggestion_results,2022-03-25 17:52:59
dad,SA,Xbox One,0,,,select,suggestion_results,2022-03-25 17:52:57
dad,SA,Xbox One,0,,,select,suggestion_results,2022-03-25 17:52:48
dad,SA,Xbox One,0,,Black Crab,play,prequery_results,2022-03-25 17:51:26
dad,SA,Xbox One,0,,Black Crab,select,prequery_results,2022-03-25 17:51:23
dad,SA,Xbox One,0,,,select,suggestion_results,2022-03-25 17:50:50
dad,SA,Xbox One,0,,First Daughter,play,suggestion_results,2022-03-25 17:50:07
dad,SA,Xbox One,0,,First Daughter,select,suggestion_results,2022-03-25 17:50:04
dad,SA,Xbox One,0,,,select,suggestion_results,2022-03-25 17:48:47
dad,SA,Xbox One,0,,,select,suggestion_results,2022-03-25 17:46:57
dad,SA,Xbox One,0,,,play,suggestion_results,2022-03-25 17:45:52
dad,SA,Xbox One,0,,,select,suggestion_results,2022-03-25 17:45:50
dad,SA,Xbox One,0,,Can You Keep a Secret?,play,suggestion_results,2022-03-25 17:45:17
dad,SA,Xbox One,0,,Can You Keep a Secret?,select,suggestion_results,2022-03-25 17:45:15
dad,SA,Xbox One,0,,,select,suggestion_results,2022-03-25 17:44:53
dad,SA,Xbox One,0,qu,Bohemian Rhapsody,play,title_results,2022-03-04 18:00:00
dad,SA,Xbox One,0,qu,Bohemian Rhapsody,play,title_results,2022-03-04 16:46:07
dad,SA,Xbox One,0,qu,Bohemian Rhapsody,select,title_results,2022-03-04 16:46:04
dad,SA,Xbox One,0,spy,,play,title_results,2021-12-03 16:47:34
dad,SA,Xbox One,0,spy,,select,title_results,2021-12-03 16:47:31
dad,SA,Xbox One,0,shang,Shang-Chi and the Legend of the Ten Rings,select,suggestion_results,2021-11-18 17:53:55
dad,SA,Xbox One,0,shan,Shang-Chi and the Legend of the Ten Rings,select,suggestion_results,2021-11-18 17:53:02
dad,SA,Xbox One,0,shan,Shang-Chi and the Legend of the Ten Rings,select,suggestion_results,2021-11-18 17:52:29
